person,object,speed,frames,time
11.302884615384617,0.2836538461538461,1.403075052596154,208.0,6.605609758635327
1.000862812769629,1.3166522864538397,0.7962648480241588,1159.0,45.93129262773075
2.7472527472527477,0.9574175824175823,1.098094234450549,728.0,14.59433962264151
2.543018335684062,0.8533145275035261,0.8124813901692524,709.0,14.213443396226413
2.282511210762332,1.3946188340807175,0.4939401767264574,446.0,10.332151589242052
3.8292295472597297,0.5980937251787133,0.9232131596981732,1259.0,49.89430320820795
3.8881789137380194,1.5175718849840256,1.3915678766773163,313.0,10.215832685745175
7.440789473684211,0.5986842105263158,1.5553533894736844,608.0,26.462686244975806
6.089473684210526,2.173684210526316,1.072239777736842,190.0,6.033970452599578
7.770618556701031,0.306701030927835,2.250644925257732,388.0,8.988508557457212
1.4937388193202146,3.5044722719141324,1.1910444024597495,559.0,24.330002649574794
1.5691699604743083,3.960474308300395,1.2034824726086957,253.0,8.257526100618305
1.870344827586207,5.231724137931034,0.9719677498068968,725.0,14.534198113207546
0.5514018691588785,4.906542056074766,1.452639155046729,214.0,6.796156193980577
2.051121076233184,3.145291479820628,0.6884410090143499,1115.0,44.187567972320785
6.930635838150289,3.2736030828516376,1.03184535,519.0,22.589036449247438
1.2837127845884413,2.2416812609457093,1.6664677837478108,571.0,24.852292509673003
2.6034965034965034,0.8013986013986014,0.79206748213986,1430.0,56.67105130082396
4.708029197080292,0.6861313868613139,1.2325423035036496,274.0,8.94293340541271
1.320079522862823,0.3538767395626243,0.6765366367673956,503.0,21.892649969116498
2.255506607929516,0.9977973568281938,0.7808209152753305,454.0,10.517481662591686
2.8022598870056497,1.734463276836158,0.6798633104519773,177.0,5.6211198426848705
11.899598393574298,1.120481927710843,2.280924351807229,249.0,8.126972328276514
3.3146853146853146,1.0195804195804197,0.5316934723076924,715.0,14.333726415094338
7.4457236842105265,0.6019736842105263,1.524629962944079,608.0,26.462686244975806
2.8503937007874014,0.515748031496063,3.182422987007874,254.0,8.290164543703753
11.69357495881384,0.0939044481054365,1.7276487142833603,607.0,26.419162089967624
1.7421259842519683,1.2598425196850394,0.6112532131712599,508.0,22.110270744157415
8.610837438423646,1.9458128078817731,0.8355908998522168,203.0,6.446821062514286
4.715404699738904,2.536553524804177,1.3607351306919058,766.0,15.356132075471697
5.313624678663239,2.0668380462724936,2.151426568534704,389.0,9.011674816625916
5.474820143884892,1.1618705035971224,0.6380576920143884,278.0,9.073487177754503
2.2718100890207715,0.6937685459940652,1.0231803365519283,1685.0,76.07774439115698
8.018018018018019,0.234984984984985,2.1484914624849853,1332.0,52.78730093195631
1.8365384615384612,0.5961538461538461,0.8045576387259614,416.0,9.637163814180928
0.8228404099560761,0.0702781844802342,1.069528159633968,683.0,13.692216981132075
3.1252847380410023,1.670842824601367,0.8069352203815491,1756.0,79.28339415481997
3.540925266903914,3.434163701067616,2.5040171920284697,281.0,9.171402507010844
9.609318996415771,1.007168458781362,0.8976066374910394,558.0,24.286478494566612
0.8794964028776978,2.45863309352518,1.2517727685251798,556.0,24.199430184550245
1.0191204588910134,1.4053537284894837,0.8743755017782028,523.0,22.763133069280176
15.703875968992248,1.4790697674418605,1.0399941717054262,645.0,12.930424528301886
1.6354883081155434,1.108665749656121,0.54387826607978,727.0,14.574292452830187
3.8,0.1787234042553191,3.426309254468085,235.0,7.463068717688952
0.9649890590809628,1.636761487964989,0.7089484805470461,457.0,10.586980440097799
1.5751072961373391,1.3819742489270386,3.506349628798283,233.0,7.399553239240535
1.0057142857142858,1.76,0.3477553372571428,175.0,5.557604364236454
11.547413793103448,1.271551724137931,2.186724399137931,232.0,7.367795500016327
5.333870967741936,4.830645161290323,0.3992997230645161,620.0,26.98497610507401
2.950960901259112,1.0079522862823065,0.8209758464015903,1509.0,59.80182965940095
3.753880266075388,0.0687361419068736,0.986111329490022,451.0,10.447982885085574
5.2168486739469575,0.2441497659906396,2.2114591464352578,1282.0,50.80579564171771
2.209657701711492,1.297677261613692,1.1375279865709047,1636.0,73.8653945542628
1.5138888888888888,1.3368055555555556,0.4975790793055556,288.0,9.39987160860898
2.6567717996289426,0.5009276437847866,3.08902029554731,539.0,23.45951954941112
1.5663338088445078,1.1355206847360912,0.7430487186162624,701.0,14.053066037735848
3.414953271028037,1.885981308411215,1.1728459934018691,535.0,23.285422929378385
4.013192612137203,4.232189973614776,0.9904783803166226,379.0,8.780012224938874
3.543761638733706,3.929236499068901,1.1227047939851025,537.0,23.372471239394752
3.1904761904761907,2.119047619047619,2.546706800476191,210.0,6.669125237083744
7.13030303030303,1.981818181818182,0.6781796301969697,330.0,10.77068621819779
7.557312252964427,1.699604743083004,1.283829623833992,253.0,8.257526100618305
2.567204301075269,2.255376344086021,0.5812291436935484,372.0,8.617848410757945
6.040865384615385,1.6009615384615383,0.90895641375,416.0,9.637163814180928
1.8847283406754771,1.1101321585903083,0.6831050501174744,1362.0,53.976204106099466
5.10934393638171,0.2902584493041749,1.4330344602385687,503.0,21.892649969116498
1.7336182336182335,2.7934472934472936,1.6089905744586892,702.0,14.07311320754717
4.951417004048583,1.777327935222672,0.985390006437247,247.0,7.8441615883794515
1.9046242774566475,1.0621387283236994,0.7094782008381503,692.0,13.872641509433963
1.283828382838284,,1.553126383861386,303.0,9.889448254890699
4.145161290322581,1.7473118279569892,1.6872082006182796,372.0,8.617848410757945
2.6675094816687737,1.457648546144121,0.9580548829582806,791.0,15.857311320754716
1.7384937238493725,1.2594142259414225,1.0673956432531382,478.0,11.073471882640586
0.7907324364723468,0.772795216741405,1.0603468722869955,669.0,13.411556603773585
1.8672413793103448,1.346551724137931,0.5030381117931034,580.0,25.244009904746655
3.738359201773836,0.0620842572062084,1.0666263773835918,451.0,10.447982885085574
2.254593175853018,0.8753280839895013,1.0465463653543308,762.0,15.275943396226413
3.1844232182218954,1.37252020573108,1.139986135782513,1361.0,53.9365740002947
,2.287128712871287,1.8483237935643564,202.0,6.415063323290078
4.1547445255474456,0.4598540145985401,1.1116775111532846,685.0,13.732311320754716
2.898409893992933,1.993816254416961,0.7608513079328622,1132.0,44.86127977100191
10.083743842364532,0.2364532019704433,1.5245580231527096,203.0,6.446821062514286
3.403118040089087,1.870824053452116,1.1106700752249443,449.0,10.401650366748164
1.6682316118935838,0.6870109546165885,0.4971765944992175,639.0,12.810141509433963
1.976491862567812,1.4665461121157324,0.6428736140144664,553.0,24.068857719525692
2.2750865051903117,2.5069204152249136,0.731654243633218,578.0,25.156961594730287
1.0,,0.4662884579881657,169.0,5.367057928891203
6.852331606217617,0.3821243523316062,0.9087283646373056,772.0,15.476415094339622
1.2274881516587677,0.2464454976303317,0.7506212885189574,422.0,9.776161369193153
7.665658093797277,0.9636913767019668,1.3301302029803328,661.0,13.25117924528302
3.3067173637515843,1.7807351077313054,1.3576197226489224,789.0,15.817216981132075
2.047425474254742,0.1761517615176151,0.7389396953658537,738.0,14.794811320754716
1.0857142857142856,0.9785714285714284,2.381294616214286,280.0,9.138764063925398
7.102068965517241,2.1517241379310343,1.4231586256137931,725.0,14.534198113207546
9.955339805825243,0.9242718446601942,1.742552424174757,515.0,22.414939829214703
3.476086956521739,2.232608695652174,1.5831359410652175,460.0,10.656479217603911
4.073232323232324,4.317340067340068,0.8042183469781145,1188.0,47.08056569606914
2.2348837209302324,0.8813953488372093,0.4867995872255813,430.0,9.961491442542787
2.3014128728414445,0.8508634222919937,0.8509069657927787,637.0,12.770047169811319
4.624724061810155,1.152317880794702,1.270690833333333,453.0,10.494315403422982
0.8082191780821918,0.0496575342465753,2.6296347521061643,584.0,25.418106524779393
7.126149802890933,1.9921156373193167,1.081740151064389,761.0,15.255896226415095
5.773851590106007,4.4840989399293285,1.0789410836042403,283.0,9.23667939318174
2.977886977886978,1.769041769041769,1.155770547835381,407.0,9.428667481662591
0.8758992805755396,2.406474820143885,1.3405084945503598,556.0,24.199430184550245
3.592150170648464,1.947098976109215,1.09970870721843,586.0,25.50515483479576
2.763636363636364,1.1636363636363636,0.5460254626666667,165.0,5.240026971994371
2.7931266846361185,3.9036388140161726,0.7300918523854446,1484.0,58.81107701428165
2.8641484426772696,1.0768721007289597,0.8930006889065606,1509.0,59.80182965940095
1.969208211143695,3.222873900293255,0.6020802344868036,682.0,13.672169811320753
5.564814814814815,2.842592592592593,0.6829739276388888,216.0,6.859671672428994
2.164328657314629,3.302605210420842,1.181247919478958,499.0,21.718553349083763
1.0332409972299168,0.0166204986149584,0.928562145096953,361.0,8.3630195599022
1.971105527638191,0.9811557788944724,1.1155714660929648,796.0,15.957547169811319
12.680933852140075,0.5019455252918288,3.204474864980545,257.0,8.388079872960096
1.9312796208530805,0.4454976303317535,0.5942943899526066,422.0,9.776161369193153
1.2901716068642746,1.3151326053042125,0.8517704912324493,641.0,12.850235849056604
1.814349775784753,0.747085201793722,0.6052989607982062,1115.0,44.187567972320785
1.0,0.3853989813242784,0.6142030434465195,589.0,25.63572729982031
3.2882882882882885,1.9297297297297296,0.9584458498018016,555.0,24.15590602954206
2.798198198198198,2.994594594594594,0.8248793854414415,555.0,24.15590602954206
2.706779661016949,1.2838983050847457,0.8697642701101695,1180.0,46.76352484963096
2.376311844077961,5.373313343328336,0.9605764974062968,667.0,13.371462264150944
2.1295336787564767,0.8031088082901554,1.081962907007772,772.0,15.476415094339622
1.433641975308642,2.9027777777777777,0.8974194891049382,648.0,12.990566037735848
1.8478915662650603,1.061746987951807,0.7074275800903614,664.0,13.31132075471698
11.702586206896552,1.3146551724137931,2.2320229745689657,232.0,7.367795500016327
4.4343612334801765,5.134801762114537,0.5974337799735682,1135.0,44.98017008841622
3.7287581699346406,1.4967320261437909,1.3969486411437908,306.0,9.98736358414704
2.361290322580645,1.9935483870967745,0.4195344168032257,310.0,10.117917356488833
1.0,0.5943396226415094,2.480866486792453,318.0,10.379024901172416
22.16751269035533,1.83248730964467,0.6394717794416244,197.0,6.256274627169036
1.4497607655502391,1.881977671451356,1.1159582209888357,627.0,27.2896451901313
3.408450704225352,0.8028169014084507,3.704072494112676,355.0,8.224022004889976
2.9706422018348624,0.3944954128440367,0.6902103722568809,545.0,23.72066447946022
3.4695652173913043,2.284782608695652,1.6121535323478262,460.0,10.656479217603911
0.9649890590809628,1.7221006564551422,0.6416623466301968,457.0,10.586980440097799
2.8547169811320754,0.4641509433962264,3.41864545,530.0,23.067802154337464
4.708029197080292,0.6642335766423357,1.205865302627737,274.0,8.94293340541271
1.5203252032520325,1.0203252032520325,0.7583783011382114,246.0,7.812403849155244
1.054878048780488,2.8353658536585367,0.5955163621951219,164.0,5.208269232770162
0.9024171888988362,9.683079677708148,0.4256787362775291,1117.0,44.26682818393033
2.371900826446281,1.4765840220385675,1.035619209090909,726.0,14.554245283018867
2.10873786407767,0.970873786407767,0.7914784407378641,515.0,22.414939829214703
2.3448275862068964,1.4827586206896552,1.0952189378620691,290.0,9.465148494779875
1.6629392971246006,0.3418530351437699,0.7565442821405751,626.0,27.246121035123117
4.411016949152542,1.9985875706214689,0.7111970427824859,708.0,14.193396226415095
3.950892857142857,1.0446428571428572,0.82185950125,224.0,7.1137335862226605
4.159763313609467,0.6449704142011834,0.4735903078195266,338.0,11.031793762881373
2.202108963093146,1.2513181019332162,1.59290720400703,569.0,24.765244199656635
1.9513274336283184,0.079646017699115,0.5109091527433628,226.0,7.177249064671077
2.00375234521576,0.0769230769230769,0.6095362103001877,533.0,23.198374619362014
7.755681818181818,0.7840909090909091,1.313303878409091,176.0,5.589362103460662
4.0071942446043165,1.0191846522781776,0.6806563993045565,417.0,9.660330073349632
9.80232558139535,0.1472868217054263,2.828577995193798,258.0,8.420718316045544
2.572139303482587,1.6393034825870647,0.4630132231592039,402.0,9.31283618581907
3.448888888888889,1.9333333333333331,1.3073257546666668,450.0,10.424816625916868
6.657894736842105,1.3105263157894738,2.4520966340157897,190.0,6.033970452599578
1.043046357615894,0.0132450331125827,1.582101202384106,302.0,9.856809811805249
1.9660014781966,0.721359940872136,0.5829060116334073,1353.0,53.61953315385652
3.4680851063829787,1.097872340425532,0.9640440614042554,235.0,7.463068717688952
7.713709677419355,1.0201612903225807,1.8317054824596768,248.0,8.094333885191066
0.0170212765957446,1.1787234042553192,3.8791539472340415,235.0,7.463068717688952
2.08445945945946,1.25,0.7146784415743244,592.0,25.766299764844863
1.9107806691449811,2.9721189591078065,0.6141960321003717,538.0,23.415995394402934
6.942528735632184,1.942528735632184,0.9787851712643678,174.0,5.525846625012245
1.7555555555555555,0.5696969696969697,0.7015278732525252,495.0,21.544456729051028
2.4044444444444446,1.551111111111111,1.7488612193555555,450.0,10.424816625916868
6.7546875,1.746875,0.7821344745625,640.0,12.830188679245282
2.3134796238244517,0.3009404388714733,0.7078837895924764,638.0,12.790094339622641
1.0,6.458762886597938,0.5311168887113402,194.0,6.161001409496411
0.9136904761904762,0.3660714285714285,1.9998900012797625,336.0,10.966516876710477
3.632478632478633,0.6623931623931624,0.9643423212393162,234.0,7.431310978464743
3.472340425531915,1.1361702127659574,0.9952298274468084,235.0,7.463068717688952
3.949565217391304,1.7756521739130435,0.6510448512521739,575.0,25.026389129705738
3.5135135135135136,0.9395866454689984,0.5741782820985691,629.0,27.376693500147667
1.0030120481927711,0.0737951807228915,1.4137197061144575,664.0,13.31132075471698
4.2190082644628095,1.2272727272727273,0.6507561011983471,242.0,7.68537289225841
3.710300429184549,1.5665236051502145,0.9460597907939914,466.0,10.795476772616135
8.269439421338156,1.433996383363472,0.9487952036347196,553.0,24.068857719525692
7.131756756756757,0.7432432432432432,1.5420231921283782,296.0,9.660979153292564
1.9042821158690173,2.0503778337531484,0.5478860241561713,397.0,9.197004889975549
1.009118541033435,0.7993920972644377,0.7372971732401215,329.0,10.738047775112342
1.433641975308642,2.969135802469136,0.9070321108641974,648.0,12.990566037735848
3.016497461928934,4.01015228426396,0.99088200821066,788.0,15.797169811320753
2.772845953002611,0.9573542210617928,1.2116534317145344,1149.0,45.53499156968303
2.876662636033857,2.1076178960096734,1.0521941108447823,1654.0,74.67809449434638
1.1787072243346008,0.9847908745247148,1.3203196885741444,263.0,8.583910531472783
1.8119891008174387,3.647138964577657,0.5579764851362398,734.0,14.714622641509433
2.290846877673225,1.2882805816937553,1.2127674197775875,1169.0,46.32759368577847
13.123417721518988,3.2151898734177213,1.306135613164557,316.0,10.31374801500152
2.076475477971737,1.0174563591022443,0.6515748431587698,1203.0,47.67501728314072
3.741772151898734,1.4,0.8404675989367089,395.0,9.15067237163814
1.1868279569892473,0.7755376344086021,0.5280553703494624,744.0,14.915094339622641
2.0143198090692125,2.0047732696897373,0.6081838301431982,419.0,9.70666259168704
0.0051194539249146,1.3813993174061434,2.2424763159215018,1172.0,46.446484003192786
2.280112044817927,1.3529411764705883,0.7697352358123248,714.0,14.31367924528302
3.158204562178072,1.3392200147167037,1.0975471822884475,1359.0,53.85731378868515
1.0253807106598984,0.0431472081218274,0.9443905428680204,394.0,9.127506112469437
1.017114914425428,0.2249388753056234,0.9579232194376528,409.0,9.475
0.0909090909090909,0.6536796536796536,1.2079808312597402,231.0,7.336037760792119
4.135458167330677,0.2669322709163346,1.5854569229482072,251.0,8.19224921444741
0.5714285714285714,1.0772200772200773,2.946015098938224,518.0,22.545512294239256
4.769771528998243,2.523725834797891,0.6576769219859403,569.0,24.765244199656635
1.561046511627907,0.6424418604651163,0.6406267878633721,688.0,13.792452830188678
1.5008944543828264,3.268336314847943,1.16155022919678,559.0,24.330002649574794
3.197174447174447,2.551597051597052,0.9833157294348892,1628.0,73.50419458089232
1.004739336492891,0.0252764612954186,0.8676838463665087,633.0,12.689858490566037
8.367986798679867,0.226072607260726,1.686530462128713,606.0,26.37563793495944
9.109625668449198,0.0320855614973262,2.106353512299465,374.0,8.664180929095354
0.393574297188755,0.4538152610441767,1.8231944022730928,249.0,8.126972328276514
3.3028846153846154,2.1923076923076925,0.8687535630288461,208.0,6.605609758635327
3.11660777385159,2.4240282685512367,0.8900328854946996,566.0,24.634671734632082
0.9810874704491724,0.3238770685579196,1.967274334869976,423.0,9.799327628361857
0.9972222222222222,0.9666666666666668,0.5835347624444445,360.0,8.339853300733497
0.023489932885906,0.1208053691275167,3.429211467114094,298.0,9.72625603946346
1.7210567210567211,0.905982905982906,0.5909407701243202,1287.0,51.003946170741564
1.9180327868852456,1.7587822014051522,0.764222477470726,427.0,9.891992665036673
3.120922832140016,2.106603023070804,1.1931869062609388,1257.0,49.81504299659841
0.0708215297450425,1.8781869688385269,2.4269718737677053,353.0,11.52137040916309
1.6230366492146595,0.6073298429319371,1.118216905706806,191.0,6.065728191823786
2.806451612903226,0.4516129032258064,1.5460279501612904,186.0,5.906939495702745
3.411290322580645,0.5362903225806451,1.1356109989919356,248.0,8.094333885191066
3.9172185430463577,3.524834437086093,1.1645866559271525,604.0,26.28858962494307
9.034136546184738,0.3313253012048193,2.2166322144377517,498.0,21.675029194075577
0.2216216216216216,0.3567567567567568,3.4639572901081084,185.0,5.875181756478537
1.0058565153733527,2.827232796486091,0.6914620024743777,683.0,13.692216981132075
3.8459214501510575,2.960725075528701,1.129368514531722,331.0,10.803324661283236
0.0039215686274509,1.0901960784313725,1.451470294901961,255.0,8.3228029867892
1.491150442477876,3.2831858407079646,1.879988091371681,226.0,7.177249064671077
2.086261980830671,0.1469648562300319,0.8501918029392972,313.0,10.215832685745175
7.779217859621084,0.1117683404344148,2.2987549270953496,388.052356432249,8.989721460135842
1.7218818193535155,1.350002252157352,0.5499672419355004,507.9640119797594,22.108704395986027
7.015799279078928,3.1118981828638432,1.1797925999968195,518.9197069387833,22.585541761604965
3.7366544274572417,1.5704173566741815,1.5158437107461469,312.9676072758385,10.214775437661247
3.1246335430398626,1.6880586246385807,0.8397308041048053,1756.0804841358063,79.28702801328373
2.0136217561874568,0.8951402882483659,1.1520286412416163,1684.9564477374286,76.07577800664686
1.733266986344735,0.4993771027655944,0.662871977985136,416.030099439715,9.6378611056022
3.424410810161465,1.7527279218121605,1.1365436789551724,535.0503075409019,23.28761252258668
3.850928810545451,4.091213152417094,0.8498793643666325,378.8853697944998,8.777356671889695
7.661257024411343,1.4920896683448643,1.3297376841244417,253.07098240743977,8.259842855883596
1.8220075555654307,1.193475711558703,0.6451441036341199,1362.162906605456,53.98266011210999
3.0972393605818493,1.870632874082594,0.7511909350068074,1132.054937203547,44.8634569381911
2.174429289981162,2.454093660121337,0.6211736789438325,577.7889537769688,25.14777598620519
2.2305181386317448,1.3126654942304508,0.4950302297993199,445.8983103408846,10.32979582024421
6.861937781297549,0.3564380431531957,0.8983959250136984,771.8780462928985,15.473970267664239
0.7732816147358438,,0.9499076497370584,682.9277395283073,13.690768363185406
2.048095419881777,3.1315306507081058,0.7672098290780743,1115.02822156337,44.18868639586311
1.9580572545259303,1.3930777784234913,0.7341206898985861,552.8766312637074,24.063488199524127
2.202655376274619,0.8890301192425866,0.9887635372043584,761.9218879185346,15.274377470064962
8.598412516384036,1.9405146657553995,1.0523479426716242,203.0061636070824,6.44701680474069
6.8057742936538475,0.273174725972944,0.9906574082833545,772.056323074788,15.477544212584194
3.2342528928177905,1.5702853336757885,0.6264871935918908,1756.0497049328476,79.28563833237259
5.0494209818394715,0.26104102055835543,1.3669547928026464,503.0913520993207,21.896625992047653
2.196220182982565,1.448978653255963,0.551422810290379,446.13325713759883,10.335238658627748
11.594440943239617,,1.6177121234954661,607.0901891102841,26.423087494783676
9.763272453611764,1.0837604018626967,0.9415424282764547,557.9145409214577,24.282758960385284
3.1138368569514836,1.8717187751772906,1.0358961630839305,554.8080739927984,24.14755261225452
4.764296493239967,2.5017179736726147,1.3803271828090071,766.1554832838121,15.359249075265101
4.7319825383520016,0.6712554604363186,1.1373207379104249,274.0179709233547,8.943519948371817
2.1385632976536053,1.1819290822628514,1.0395465763897265,1635.9661546202628,73.86386643548032
2.6708769689642375,0.6110142563284142,3.0666995592844253,254.05742913040024,8.292038941107768
2.014790100358216,0.7297622031082074,1.0549352437590036,772.0409145572385,15.477235315416335
15.699835998349762,1.3983167109174188,1.138112064562864,645.0401085763808,12.931228591743483
2.4891198782338924,5.509569048193684,0.9580979545623103,667.1763608290057,13.374997799638086
1.2435757190724332,0.12617570450256466,0.7206157216780661,422.18255364512106,9.78039045424822
3.724808216647107,,1.0840355952181082,450.9128306899918,10.445963498258367
2.5790107341252035,2.0891367621249533,0.5983119923787387,371.935493280722,8.61635403138103
2.166345069677474,1.4474729287891628,0.4315552392813672,445.9054675764188,10.329961626617525
2.67350433813727,2.939414187143938,0.8557539862369292,554.9234584232354,24.152574622090388
1.8460644333839733,1.188557295463286,0.8738881877512441,477.9444805450942,11.072185704559333
2.869590397104696,0.9741998121335558,0.6481222483100607,1508.9791178638945,59.801002098137666
1.5520193283078965,3.4157730066332164,1.084996564964075,558.9097001184213,24.32607242353174
4.354890277087156,0.7297531463837014,0.5208127244275169,338.18180562573184,11.037727615449434
0.874541302876698,0.5756259252488036,2.562839287159721,317.900397150743,10.375774019245792
1.391546082545274,1.2401027347133446,0.9302033503116887,641.0093839429339,12.850423970554099
1.8189696747887396,2.77168467498306,1.4504767335558912,701.8524788259866,14.070155825520958
4.54043472548123,0.7664376565716051,1.1176994204326058,274.1387921354341,8.947463364625783
2.17379893810559,3.3448394794868985,1.0770926609719502,499.07945795218666,21.72201168931137
2.3257403108573786,1.865903255404418,0.42682227739851564,309.99413446915895,10.117725914694311
0.9848002013378337,2.4667019662867005,1.3159443072096353,556.0588245198286,24.201990472069546
22.070489566245033,1.7863391210888482,0.627536617592494,197.06996295844874,6.258496492558805
1.568743924709741,2.869444867636985,0.9851658825501325,647.9469809150169,12.989503155135951
6.8780488125452885,1.6431410068706402,0.7747335336512795,640.0739845083066,12.831671859246711
2.8220243496835447,1.4330700864856203,1.1063360972892358,790.9951327364531,15.857213745895875
5.523208474022961,0.16167071450148118,1.987355524097488,1282.1348599750252,50.81114015679678
2.295109005767142,1.2357873290850736,0.6446143573906528,446.0523523921206,10.33336439832602
2.45347019313092,0.8916308825219643,0.4771436343133934,430.05488235766893,9.962762861464334
3.725269408916087,1.5998238438724262,1.4880710145337368,306.17041386335165,9.992925627327017
3.475438567015687,2.376117744374697,1.554309517364728,459.96719386863185,10.655719222262315
3.0262128962687243,1.682560342960088,1.0849819053116772,407.06401785443535,9.430150535869865
10.128248192310414,0.13702618191812235,1.6001290015882166,203.14124893662057,6.4513068094091786
4.151637072965719,0.5250423057171758,0.38306737245310507,337.9844777449594,11.031287140643673
1.9493092423805243,1.0579971912705577,0.7233235771461282,691.8604124450584,13.8698431740165
4.036095350737549,1.926210335429965,1.7572531306171941,372.10988065554574,8.620393934501946
2.3552882744634704,1.5864819607895615,1.0395485072457975,725.8931945583889,14.552104136194117
2.892030320741825,3.981142248082682,0.8006318960030844,1484.1805135111051,58.81823078382594
3.65239782110371,1.5956683437885746,0.9039427881502764,465.8423227109321,10.79182397967257
3.8469512606720135,0.08248632721766948,3.405685337927357,235.00444190322918,7.463209782493363
3.2956293711064806,1.9504680044868523,1.2773520689794764,449.9617509695412,10.423930538964308
5.51122825675338,2.325522238930489,2.2926380730924807,389.01371181184066,9.01199246801269
11.361984399280313,0.363242341439694,1.3797590782496665,208.1500771163656,6.610375868560387
7.017231830708567,1.9596909981208792,0.6069085168264168,329.94596546707,10.768922615170105
2.915138633095808,0.5325186792805758,3.255039361061548,530.063872549159,23.07058215306783
1.5614434508172659,1.0830552436079866,0.5607865824561336,700.8912780166592,14.050886469673591
2.578047489758549,1.015707631123714,0.9157784802684832,1429.9237204131198,56.66802833272516
6.094394438882208,2.2045227813941297,1.2082075278799338,190.02841196272078,6.034872752302513
3.1916342513974394,1.8872865388097002,1.419850680093305,789.160082679941,15.820426185800702
2.244676731332604,0.9980515204035394,0.6369800160667525,429.92239038049115,9.95969351798326
2.001885006069397,0.6270007497432579,0.5453610499338403,1352.9724706250324,53.61844216181382
3.6435601146027072,3.9243901325206596,1.016789317398287,536.8570362199683,23.366248861672094
11.783708719274006,1.2592420263672708,2.257246904685845,249.02970568780668,8.127941875677307
1.2358926545065383,,1.5592846292705056,303.04865710599216,9.891036347075326
7.01077232116754,0.6539450024283765,1.6811656887678694,296.1534097122459,9.665986207454456
1.7948333004824384,5.2506508746209875,0.9316873816352726,724.8661600176463,14.531515000353757
0.9249316674763273,0.051225180844208545,1.6262813669822442,301.97051141021467,9.85584735014587
3.7335548879176317,1.7272682327894464,1.230053875360605,586.0636601473556,25.507925588917107
2.4242314991875045,1.6913608966416858,0.44950083395465745,401.91816365902764,9.310940343934686
1.279046910652089,0.8357529406652875,1.3261251542596983,263.0181201479545,8.584501944890496
7.866888523841239,0.44442247549342995,2.2444524601336453,388.0023546712297,8.988563106381177
9.748956422854887,0.054495367013746285,2.883315706580915,258.0611628701932,8.422714576903287
1.377710405031601,2.8916756215634702,0.9998705235766849,647.9691067125804,12.989946714756917
7.41733763987808,0.5789475831582345,1.6821013921762555,607.9311368629006,26.45968903512234
11.564173306634355,1.3739232085689421,2.0916245429351803,232.0257935954147,7.368614646293162
1.2729253640640512,0.35180656526966647,0.7083046237196124,502.9725690897974,21.89145606192882
1.5668467734953921,0.5310900404528328,0.7530664169302252,494.99400411582883,21.544195763258948
2.1793480278112503,0.7737388479877246,0.26593085336926453,429.99263098045896,9.96132072992628
1.5788536481231177,1.7662816330744016,1.0599979094668506,626.9229383339454,27.28629114623275
2.70641715872897,1.0217974469014126,0.8505105759174801,1508.989873066256,59.8014283279452
2.684201018428052,0.411243031440826,3.196684472200285,538.9786203879532,23.45858901986238
1.0395958841531343,1.6947331084146302,0.6726872164701947,457.08265328736945,10.588895207574145
1.0126017858900602,0.21813590073207456,0.5347366602846941,589.0631496619835,25.6384758354972
7.366322316545827,0.7086410256277907,1.469681739017317,608.0382370363797,26.46435047967425
4.111716896648825,0.24400333440445893,1.6848783797384703,251.08521716129144,8.195030569916124
1.0607017030406058,1.6365655440561107,0.8902617694359709,457.06161904242094,10.58840792280425
6.044979364790556,1.4760581610025698,0.9421524843552619,416.0585945064959,9.638521229704276
5.5133198932447005,1.1145063095784444,0.579772573047197,278.1067259941216,9.076970548039377
3.371213648923388,1.247929862172474,1.2652299393861395,1358.9826067424196,53.856624492046954
3.072563676313885,2.112655168502513,1.0770884956158517,1653.849946356632,74.67131957284779
3.6840672735351543,1.2019245133915248,0.8144659772518513,235.12070878342226,7.466902155754948
1.185955529887911,0.16189086753300902,1.016451619121832,408.99781461329593,9.474949372765229
1.2351048621695115,2.2079904082797985,1.8037703683023416,570.9650377211968,24.850770806030933
2.2223263654246583,1.3497627204316984,0.7148642180591205,713.9313019453045,14.31230204371483
13.19550324411371,3.2168415766575653,1.419364330179166,315.98510602114743,10.313261898720423
4.205895438242635,0.26950441233900857,1.110335880697077,685.0692081428157,13.73369874814607
3.746155049629899,,1.0519122050621137,450.94218403640167,10.446643505488767
2.8229191134407308,1.0329896581932014,1.19602986394686,1148.9484644484917,45.53294921032405
1.3345590619111216,2.7774546492451755,0.7967117767210087,648.0296260208277,12.991159955606214
0.6925213128263661,,2.5375384165458787,583.9169952641777,25.41449381379105
1.3959900202572046,3.35728730166454,1.2427483300595434,558.8795733668096,24.324761182124703
5.56579192843111,2.567560191600181,0.7162909901418614,216.03012027634483,6.860628224310514
3.4480403122292196,2.039713290358894,1.3285087332563053,450.161822952147,10.428565458365751
1.0334110710803193,0.30139606272166103,1.9995622178653663,422.9936571362704,9.799180687936826
2.3258029644065,0.9304789788071067,0.6762725554843563,636.9476272758088,12.768997244915978
0.9692224509039865,2.2929198803334727,1.3709321216662984,555.9492453344751,24.19722113062055
0.44616933388933433,1.0966890586035778,2.9747679982228394,517.8330573524858,22.53824625657137
9.870589253418492,1.008238979315004,1.686359397791877,515.1633822818976,22.422050904977606
7.6555015734755445,1.14165649776368,1.7903043185337066,247.95029915552166,8.092711727007261
4.001280179609491,0.983181220335052,0.6309885001154356,417.0160989847265,9.66070302660216
9.167922185835376,,2.062689445009585,373.9253552061651,8.66245168845578
1.8930409108126176,0.9585549468462371,0.7431474567015475,691.9593573602544,13.871826739533402
3.5942317316798045,2.175278891285063,1.5390013384452514,459.910008637801,10.654394454384265
5.6761559673451005,4.468005561621138,1.110388419230566,282.94425742102806,9.234860042190528
3.386853152192295,0.8000352322809509,3.7043402299862285,355.0171008110556,8.224418166710885
4.94100564727283,1.6200608085987085,1.1015169205221558,246.92293490322905,7.841714175132911
1.8633184127769578,0.5286086261795253,0.35254667881526913,638.947960117823,12.809098257078997
3.143234542346592,2.5796584576594506,0.9778739178809037,565.7566904246798,24.624081890960873
3.2938776853376366,2.0455899134542124,1.233163239070919,1257.022089674939,49.81591841275344
3.732315383486338,1.6493837446485846,1.1814339851603255,312.83125611274977,10.210325147985143
3.6791626005977025,1.4775793071886527,0.7330894674110364,395.01306091630937,9.150974944210343
3.2781473184979895,2.2093865165064894,2.5811585733620186,210.20512565571156,6.675639564166027
1.7076427512145382,1.044821865386776,0.8926687885098403,664.1090170329792,13.31350623768944
3.3208483059572784,2.582496605675945,1.1500329296726541,1628.0492132032439,73.50641655685496
7.128682551116879,2.2747579845880757,1.441162870206273,725.0938284930008,14.536079108939875
4.258941181074137,1.298888857062599,0.6650440829178146,241.98419375739653,7.684870921727694
3.821002295269843,1.7267370983595907,0.7442847118296141,575.0453111552571,25.028361259450744
3.7408457252447738,0.4362749904774463,0.9309566714609667,1258.9846953131669,49.89369668184944
3.0921707883021083,1.4462296866291422,0.9556419488327612,1360.9257943395355,53.93363322211918
4.000779211857664,4.069504004553006,0.854288880729341,1187.8589488273062,47.07497582317139
3.8629546885326405,3.4122822847346037,1.210502598065871,603.9107967668368,26.284707129595645
7.622750350048598,0.8069466406694532,1.2788881847549265,661.0136205202938,13.251452298166267
3.5097026236580975,3.4579247843627448,2.7116717967289254,281.0101038331693,9.171732280394686
3.9658142418456643,1.0010703882949477,1.0260230449823906,223.97197117601155,7.112843454139674
1.056666850474413,,1.4225876957068961,664.1002795415787,13.313331075715611
2.010319034052506,0.9385496421527246,0.8184278921323667,795.9502555222415,15.956549933818518
1.1280395660967388,1.0908015012754948,2.3976705456161898,280.02419826597384,9.139553857652151
2.729268246568787,0.982412631390363,1.102049274613884,728.1180184503462,14.596705558556467
6.9257231277040265,2.0604030502047763,0.9423009478403811,174.0834246671222,5.528496003835579
4.762820095484655,2.554260497415919,0.7730421718278445,569.0359156903615,24.766807399731157
2.3690084620626655,1.5366432693031424,1.6539226306302797,449.87203328627743,10.421852115861805
0.9344728279527477,9.790383222026698,0.35469046946728877,1117.0006969314766,44.26685580339848
7.75696486454244,0.6828321894232007,1.3525676839151477,175.81891466667594,5.583611242667628
1.937459255913051,1.1438551991835852,0.7218634022667685,1361.913990408236,53.97279553687763
9.824730893306754,0.10821319777951321,2.6764343070043917,257.90960533815996,8.41776797501985
11.695374330902245,1.3595386206049305,2.1052402477403853,232.00820234340958,7.368055987899355
1.7551225227795417,0.7030676141068228,0.40004635691012247,1114.9298766179077,44.18478897526907
3.483776639746535,1.9045416543952343,1.1457042731690033,449.0017438223356,10.401690764588336
12.584113876118847,0.404886827570084,3.262562457919532,257.10873750298595,8.391628895762556
3.4532751093597644,0.9890154907679738,0.9886787929865757,235.0673085021774,7.465206283548674
3.388428722836797,1.8933027800097524,1.5013139915159974,449.7513136474748,10.419055493422551
7.1587720799459325,2.0178074186827155,1.5456675835623883,724.6950674515663,14.528085078628097
2.16845641176849,2.0867445340784547,0.7608610548508209,419.03826008111326,9.707548934641926
7.039879753159632,1.9060687020936247,1.1405531255052084,760.9090096580378,15.254072127578587
4.642735673451682,1.1313219315742562,1.1975695954793262,453.07854199524166,10.496134927640378
2.2767595032215278,0.8751175437777753,0.7358249118046375,453.91395308292783,10.515488277410125
1.7939695582401372,1.2767523182166591,3.5967109078287924,233.08617039948916,7.402289816316357
7.975506693299553,0.26566754002611515,2.049348258366149,1331.7789415315242,52.778540361461566
2.58937476138505,1.3000775637258217,0.8969448044941168,1179.8299358165268,46.75678518804632
1.0007157092404544,0.8285160930309873,0.7917685331662552,328.95299053062337,10.736513459221616
8.338819084886032,1.6504088963091137,1.0410364584981748,553.0543875408274,24.07122489128318
1.6354883081155434,1.457648546144121,1.1176994204326058,477.9444805450942,12.392682976990804
4.708029197080292,0.8028169014084507,0.6069085168264168,558.0,6.131337479788294
2.9706422018348624,1.769041769041769,1.419364330179166,554.8080739927984,11.329917134877094
0.44616933388933433,1.9921156373193167,0.8006318960030844,232.0257935954147,12.298648203861374
4.159763313609467,0.9980515204035394,0.6781796301969697,580.0,13.21372716807613
4.94100564727283,0.3538767395626243,0.9556419488327612,465.8423227109321,42.43285160682133
2.6034965034965034,1.1101321585903083,0.764222477470726,202.0,26.334644064315523
1.391546082545274,1.0579971912705577,1.6262813669822442,714.0,7.256692222686466
11.547413793103448,1.0579971912705577,1.081740151064389,682.9277395283073,10.513467504445975
2.772845953002611,2.9721189591078065,1.1797925999968195,692.0,14.372021652593002
7.015799279078928,0.5986842105263158,0.6446143573906528,355.0,8.77545235572234
3.8629546885326405,0.6019736842105263,0.9643423212393162,515.0,9.406658224340548
4.1547445255474456,0.35180656526966647,0.6726872164701947,208.0,12.136215157334727
2.4044444444444446,1.1787234042553192,1.0975471822884475,494.99400411582883,7.294993185061349
3.016497461928934,1.4775793071886527,1.7276487142833603,498.0,7.828177862233055
1.8220075555654307,1.2357873290850736,1.3576197226489224,1484.0,11.887691791064363
3.4680851063829787,1.3146551724137931,0.5909407701243202,216.03012027634483,10.987481230882116
3.8881789137380194,1.4790697674418605,0.928562145096953,1352.9724706250324,11.004772653924848
3.8629546885326405,1.993816254416961,1.7488612193555555,1358.9826067424196,8.785349897920138
3.3146853146853146,1.120481927710843,1.6821013921762555,606.0,11.30271830690401
7.440789473684211,1.9405146657553995,0.8404675989367089,661.0136205202938,8.600417682423771
2.6675094816687737,1.8933027800097524,0.7300918523854446,208.1500771163656,8.627850359802196
1.185955529887911,0.5756259252488036,0.7583783011382114,495.0,5.022687438915292
2.2305181386317448,0.1117683404344148,0.7821344745625,555.0,5.9182485463119265
4.036095350737549,1.37252020573108,0.9460597907939914,569.0359156903615,46.1187260401816
2.7931266846361185,1.6947331084146302,2.2926380730924807,1159.0,11.23728447636923
3.3067173637515843,1.0217974469014126,1.016451619121832,566.0,2.623439667022458
4.642735673451682,0.3538767395626243,2.0916245429351803,530.0,7.132758107229758
1.8189696747887396,0.5009276437847866,0.40004635691012247,210.0,9.228215686864377
2.001885006069397,1.2357873290850736,0.79206748213986,558.8795733668096,7.397816054545682
2.706779661016949,3.5044722719141324,0.7608610548508209,407.0,8.15903299921702
4.0071942446043165,0.9385496421527246,2.883315706580915,1159.0,11.078419953916983
1.0057142857142858,1.7587822014051522,1.3607351306919058,645.0401085763808,25.39489518523125
3.411290322580645,1.4920896683448643,1.306135613164557,790.9951327364531,60.211620934738626
7.6555015734755445,1.193475711558703,1.205865302627737,688.0,10.92490893162032
2.290846877673225,0.970873786407767,2.5375384165458787,1353.0,6.84339927945701
3.158204562178072,0.3821243523316062,1.181247919478958,607.9311368629006,12.174118397209535
2.0136217561874568,0.9666666666666668,0.7146784415743244,177.0,21.983557630105384
4.642735673451682,0.1469648562300319,0.9584458498018016,761.0,8.167183275781632
2.869590397104696,1.3105263157894738,3.429211467114094,558.0,10.319729430750558
4.764296493239967,1.777327935222672,1.3203196885741444,317.900397150743,12.610754509399897
9.824730893306754,0.8508634222919937,0.5478860241561713,372.10988065554574,14.869165138093802
2.7472527472527477,0.5943396226415094,1.2127674197775875,518.9197069387833,10.585188403019991
15.699835998349762,0.9741998121335558,2.4269718737677053,701.8524788259866,7.575652636444426
3.388428722836797,2.554260497415919,1.0523479426716242,303.04865710599216,1.9538856198708068
7.131756756756757,2.0178074186827155,1.1015169205221558,450.0,7.25267179802457
2.7472527472527477,1.8933027800097524,0.9580548829582806,667.0,9.074437567489289
9.034136546184738,2.582496605675945,1.5420231921283782,518.9197069387833,5.1928523322308875
3.8292295472597297,0.16189086753300902,1.441162870206273,648.0296260208277,6.427389755883679
4.94100564727283,1.3392200147167037,0.5280553703494624,1684.9564477374286,8.747958627583131
1.9493092423805243,0.0702781844802342,0.4971765944992175,1429.9237204131198,7.765748461023913
6.089473684210526,1.870632874082594,0.6369800160667525,557.9145409214577,8.150585144821338
2.202655376274619,0.0620842572062084,1.313303878409091,296.0,8.961379413001886
2.2767595032215278,1.885981308411215,1.2517727685251798,648.0,7.619123455787303
1.7384937238493725,0.7297531463837014,1.098094234450549,503.0,8.981078726247892
3.0262128962687243,2.7774546492451755,1.210502598065871,1430.0,6.699866084678798
1.004739336492891,1.2513181019332162,0.8983959250136984,258.0,10.392706544677356
1.283828382838284,1.881977671451356,0.7506212885189574,388.052356432249,23.756085216698033
2.280112044817927,1.5704173566741815,0.9719677498068968,274.0179709233547,12.678062437630837
4.2190082644628095,3.647138964577657,0.7730421718278445,641.0,21.145177664279824
3.197174447174447,0.4598540145985401,1.1797925999968195,636.9476272758088,10.894313441034663
2.2718100890207715,1.0329896581932014,1.5390013384452514,235.0,13.007521618622617
5.523208474022961,0.234984984984985,1.4880710145337368,608.0382370363797,11.494460449148196
7.665658093797277,2.523725834797891,0.9906574082833545,423.0,5.432036717211323
2.772845953002611,1.3151326053042125,0.7747335336512795,1287.0,26.135805454671672
3.388428722836797,0.3313253012048193,1.6872082006182796,1361.0,7.34562443749356
1.8672413793103448,1.2882805816937553,0.7747335336512795,795.9502555222415,14.988216263753799
2.014790100358216,0.273174725972944,0.928562145096953,331.0,6.865008392598465
2.202655376274619,1.3813993174061434,1.1155714660929648,554.9234584232354,8.235066544954112
2.950960901259112,0.8751175437777753,2.186724399137931,248.0,8.359563684093601
6.9257231277040265,1.3000775637258217,0.8042183469781145,407.06401785443535,23.68012810028294
6.040865384615385,0.9980515204035394,0.38306737245310507,186.0,7.865478984516859
2.001885006069397,2.406474820143885,3.262562457919532,724.6950674515663,9.121236010316867
2.892030320741825,0.051225180844208545,3.426309254468085,247.0,13.569803231192587
3.725269408916087,1.0079522862823065,0.8900328854946996,557.9145409214577,10.74203619748992
3.65239782110371,0.3853989813242784,3.08902029554731,203.0,9.09100285242624
1.7076427512145382,0.16189086753300902,0.6446143573906528,430.05488235766893,7.457819134291167
1.9042821158690173,1.670842824601367,1.283829623833992,449.87203328627743,10.766411070754769
2.772845953002611,2.45863309352518,0.6446143573906528,555.9492453344751,11.981896685173403
2.16845641176849,5.509569048193684,1.1176994204326058,772.056323074788,8.697208665338284
6.942528735632184,0.7840909090909091,0.9556419488327612,422.18255364512106,16.56086422533
1.7948333004824384,2.2747579845880757,1.8231944022730928,430.05488235766893,11.039223758894936
2.806451612903226,1.0768721007289597,1.0465463653543308,457.0,11.66334050956689
3.0972393605818493,2.0503778337531484,3.204474864980545,203.0,9.08299047560638
1.6682316118935838,0.8013986013986014,2.5375384165458787,234.0,9.040692830532127
2.361290322580645,1.3930777784234913,0.9952298274468084,1282.0,8.461002200800516
11.361984399280313,0.3853989813242784,0.764222477470726,246.92293490322905,10.252066248901288
3.8881789137380194,3.1118981828638432,0.6069085168264168,235.0673085021774,50.03690381923474
2.567204301075269,0.054495367013746285,2.828577995193798,537.0,7.0648178930494145
2.047425474254742,0.226072607260726,1.155770547835381,317.900397150743,6.764670574695619
7.015799279078928,4.091213152417094,0.9302033503116887,1287.0,10.642027219156397
2.3134796238244517,1.044821865386776,0.9302033503116887,1654.0,12.487911274642453
2.578047489758549,0.1472868217054263,1.2127674197775875,449.0017438223356,13.595401351060564
3.143234542346592,2.5796584576594506,0.7914784407378641,1429.9237204131198,11.34632202768374
3.0972393605818493,1.7267370983595907,0.5942943899526066,312.9676072758385,11.577631221545081
0.0039215686274509,0.6073298429319371,1.233163239070919,450.9128306899918,8.806217476382368
2.876662636033857,0.16167071450148118,0.9415424282764547,1484.1805135111051,8.788085043407643
6.8780488125452885,0.404886827570084,1.4504767335558912,1756.0,4.679713904426776
3.4532751093597644,0.234984984984985,0.8900328854946996,701.8524788259866,41.14997279098682
4.0071942446043165,1.5864819607895615,0.6831050501174744,708.0,10.173968653032416
3.3146853146853146,0.0496575342465753,1.1931869062609388,515.0,4.653301417393025
1.5668467734953921,0.8508634222919937,2.1484914624849853,417.0160989847265,20.439875315432218
0.0039215686274509,0.08248632721766948,1.59290720400703,306.0,5.287831250020506
2.254593175853018,1.2513181019332162,0.8124813901692524,790.9951327364531,8.692918867582755
3.8292295472597297,1.0174563591022443,1.2079808312597402,1115.0,8.553069068705156
9.870589253418492,1.3146551724137931,3.255039361061548,682.0,49.70637527061177
3.746155049629899,4.01015228426396,1.072239777736842,1685.0,25.350739077558224
3.424410810161465,0.26950441233900857,1.139986135782513,495.0,23.740062342974213
4.4343612334801765,1.1636363636363636,1.1520286412416163,280.0,7.709382364319964
0.8228404099560761,1.5665236051502145,0.8976066374910394,298.0,7.074757028309385
3.1252847380410023,1.298888857062599,1.0840355952181082,185.0,13.273249696219189
1.2435757190724332,0.273174725972944,1.6811656887678694,519.0,7.411488211763276
3.4680851063829787,1.0079522862823065,0.5741782820985691,407.0,12.28197117104065
3.950892857142857,0.6424418604651163,3.704072494112676,1358.9826067424196,3.3862171548247035
9.109625668449198,0.3418530351437699,0.9887635372043584,210.20512565571156,12.304273442381295
2.892030320741825,0.0166204986149584,0.8738881877512441,214.0,11.453428625549723
4.205895438242635,1.682560342960088,0.7389396953658537,626.0,9.76950628061808
3.3067173637515843,0.24400333440445893,0.8509069657927787,1259.0,10.912058371263859
2.2223263654246583,0.3567567567567568,0.7330894674110364,450.161822952147,8.605923140065078
3.1904761904761907,2.2416812609457093,1.9995622178653663,395.01306091630937,9.919756353287212
7.131756756756757,0.515748031496063,0.5109091527433628,577.7889537769688,7.643637656884876
2.798198198198198,1.4474729287891628,1.8317054824596768,208.1500771163656,6.456658061838532
1.8460644333839733,1.6504088963091137,0.9886787929865757,584.0,15.59827188174691
4.951417004048583,0.9666666666666668,3.08902029554731,494.99400411582883,9.885824269039283
4.642735673451682,0.306701030927835,0.5579764851362398,571.0,7.7451434722374515
2.8022598870056497,0.982412631390363,0.7511909350068074,640.0,22.16288164295337
2.5790107341252035,0.5961538461538461,0.8505105759174801,1115.0,11.238887683628286
2.164328657314629,0.26566754002611515,1.102049274613884,401.91816365902764,11.52463157446756
2.3448275862068964,2.7934472934472936,0.8974194891049382,329.0,12.774967132050085
1.433641975308642,1.2272727272727273,2.7116717967289254,422.9936571362704,9.252615194646737
2.45347019313092,1.9045416543952343,3.7043402299862285,235.12070878342226,9.40016551163341
5.10934393638171,1.247929862172474,2.5375384165458787,606.0,14.521084761019036
4.708029197080292,1.0966890586035778,3.4639572901081084,586.0,9.97414499442806
8.598412516384036,2.232608695652174,0.4771436343133934,629.0,6.6713746585804685
0.8794964028776978,0.8533145275035261,3.08902029554731,310.0,6.202734737925758
2.876662636033857,1.870824053452116,1.1227047939851025,692.0,11.117248059264362
2.014790100358216,0.8813953488372093,1.210502598065871,530.063872549159,10.67395277286268
2.17379893810559,0.7664376565716051,0.9499076497370584,1169.0,6.820812283077038
1.2837127845884413,1.4665461121157324,0.7083046237196124,667.0,11.26712142910325
6.7546875,1.7267370983595907,3.426309254468085,1258.9846953131669,9.543581692453454
3.7366544274572417,0.3567567567567568,0.6380576920143884,457.06161904242094,8.8750015120429
1.9046242774566475,3.929236499068901,1.1375279865709047,515.1633822818976,9.372793795760272
2.2305181386317448,0.411243031440826,0.6781796301969697,235.12070878342226,15.291631047386494
7.126149802890933,0.7432432432432432,0.8517704912324493,247.95029915552166,7.742052375823039
2.16845641176849,1.636761487964989,1.1106700752249443,688.0,24.742072300637577
1.9107806691449811,1.870824053452116,0.9906574082833545,664.1002795415787,6.351873535014282
1.0126017858900602,1.981818181818182,1.2082075278799338,766.0,13.26109113374044
8.367986798679867,1.5956683437885746,1.0952189378620691,1362.162906605456,13.100523884148618
2.543018335684062,1.346551724137931,1.4231586256137931,197.0,10.177081795554889
3.8881789137380194,1.0203252032520325,0.6781796301969697,371.935493280722,15.249281812634269
9.870589253418492,1.6200608085987085,0.8687535630288461,232.0,11.49768587508743
2.8547169811320754,1.1101321585903083,1.5390013384452514,761.0,7.661713323362733
2.684201018428052,1.3146551724137931,1.2079808312597402,278.0,8.333487511777149
3.475438567015687,0.3564380431531957,0.6831050501174744,302.0,7.547643904080478
0.8228404099560761,1.551111111111111,2.186724399137931,417.0,5.961000144850134
7.017231830708567,0.2364532019704433,1.1176994204326058,558.0,7.456777344115924
2.892030320741825,1.777327935222672,2.2166322144377517,210.0,11.130967968173504
4.642735673451682,1.0010703882949477,0.6806563993045565,214.0,20.858997566366448
11.302884615384617,1.0203252032520325,0.7089484805470461,372.0,60.56542198445261
1.5788536481231177,5.2506508746209875,1.1356109989919356,724.6950674515663,8.894975285945938
0.0039215686274509,0.5986842105263158,0.4867995872255813,460.0,7.7927377170871726
3.386853152192295,0.0620842572062084,1.742552424174757,627.0,9.203561979423085
4.769771528998243,1.1438551991835852,1.3297376841244417,580.0,9.804836239851408
2.2305181386317448,1.1819290822628514,0.8926687885098403,309.99413446915895,9.233908045518962
2.729268246568787,0.0939044481054365,1.0770884956158517,235.12070878342226,10.278422159106103
2.202108963093146,1.76,1.7903043185337066,772.0409145572385,7.357780322307363
2.2223263654246583,0.3238770685579196,1.16155022919678,648.0296260208277,7.983551869916347
4.001280179609491,0.5286086261795253,1.8037703683023416,627.0,8.16456594755178
1.7555555555555555,,1.1797925999968195,1484.0,24.203619875606936
1.2435757190724332,0.3564380431531957,1.0231803365519283,446.0,9.545959815948072
0.8794964028776978,0.721359940872136,1.1227047939851025,554.8080739927984,6.743365644292103
2.578047489758549,2.869444867636985,0.4971765944992175,223.97197117601155,27.92921351731958
1.9580572545259303,0.9304789788071067,0.5741782820985691,640.0739845083066,11.317362456497237
2.0136217561874568,1.885981308411215,0.9443905428680204,235.00444190322918,7.166834071340821
1.8460644333839733,1.2882805816937553,0.7330894674110364,388.0023546712297,8.128279838793754
3.949565217391304,0.9574175824175823,0.9421524843552619,210.0,12.119089526379941
4.642735673451682,0.6861313868613139,1.0399941717054262,1508.989873066256,60.02844424601804
0.0909090909090909,1.9045416543952343,2.6764343070043917,645.0401085763808,10.058014079529158
4.135458167330677,0.772795216741405,1.0789410836042403,257.90960533815996,6.050292773359047
1.2274881516587677,0.8916308825219643,0.7808209152753305,233.08617039948916,9.475791606021119
1.5138888888888888,1.8781869688385269,1.3797590782496665,190.0,6.792533642086468
1.2729253640640512,5.2506508746209875,0.6781796301969697,709.0,10.848326553824666
3.2956293711064806,2.2079904082797985,0.9605764974062968,477.9444805450942,9.440454997253173
3.403118040089087,0.970873786407767,0.8184278921323667,465.8423227109321,10.910569455670274
3.403118040089087,0.6019736842105263,1.016451619121832,1508.989873066256,10.375678068332386
1.8930409108126176,2.039713290358894,1.0523479426716242,301.97051141021467,6.2957710990520805
3.725269408916087,2.8353658536585367,1.1931869062609388,667.1763608290057,6.5298236499067634
2.17379893810559,1.9596909981208792,0.6052989607982062,449.0,10.573395364120334
8.367986798679867,0.4362749904774463,1.9995622178653663,533.0,8.819454245279635
3.0262128962687243,0.6424418604651163,0.35254667881526913,457.0,4.935383065884765
0.0039215686274509,1.7221006564551422,1.16155022919678,725.8931945583889,8.344053220634635
3.8629546885326405,1.346551724137931,1.233163239070919,257.90960533815996,5.408506468726145
1.0857142857142856,0.0132450331125827,0.6112532131712599,235.0,24.075073175376254
11.302884615384617,0.2669322709163346,0.42682227739851564,760.9090096580378,10.037298391611028
3.850928810545451,1.5956683437885746,0.7078837895924764,627.0,8.479701584699946
2.892030320741825,1.636761487964989,0.8930006889065606,725.0,10.829335036679558
1.5138888888888888,1.2767523182166591,0.7218634022667685,422.18255364512106,12.406898343170573
7.440789473684211,1.1355206847360912,0.9443905428680204,416.0585945064959,12.275588867384814
4.642735673451682,1.7473118279569892,1.2325423035036496,208.0,10.54741157124454
4.411016949152542,1.947098976109215,1.553126383861386,388.0,21.291773467553572
2.254593175853018,4.091213152417094,0.6726872164701947,255.0,8.431311894850072
2.2223263654246583,0.8508634222919937,0.7078837895924764,1287.0,6.777381628708361
8.598412516384036,0.5362903225806451,0.4771436343133934,429.99263098045896,11.554591789044625
5.2168486739469575,2.2093865165064894,1.5553533894736844,667.0,7.909149022131766
1.2351048621695115,2.2079904082797985,0.7672098290780743,533.0,9.116050444381184
2.282511210762332,0.8013986013986014,0.5316934723076924,278.1067259941216,6.528451971410092
11.899598393574298,4.069504004553006,0.9906574082833545,530.063872549159,8.531800376033917
4.354890277087156,1.6504088963091137,0.6762725554843563,1117.0006969314766,5.244810099877669
3.11660777385159,1.152317880794702,0.8404675989367089,407.06401785443535,8.661950958430767
5.10934393638171,5.509569048193684,1.0410364584981748,310.0,11.24264176988349
3.738359201773836,0.24400333440445893,0.6428736140144664,278.1067259941216,11.069350434976185
1.969208211143695,0.2464454976303317,0.9423009478403811,1362.162906605456,3.976995727333895
1.6682316118935838,2.0891367621249533,0.7330894674110364,530.063872549159,9.08949559482777
1.2901716068642746,1.4,1.6821013921762555,724.8661600176463,6.024787836231213
2.567204301075269,2.842592592592593,1.0523479426716242,263.0,26.369246142988278
8.269439421338156,1.2513181019332162,1.270690833333333,517.8330573524858,19.577799735644682
9.109625668449198,0.6828321894232007,0.3477553372571428,556.0588245198286,48.402596295382104
5.51122825675338,6.458762886597938,1.035619209090909,214.0,21.461714617898057
3.7408457252447738,0.5250423057171758,0.6576769219859403,372.0,21.765800788309775
2.2750865051903117,1.7267370983595907,1.524629962944079,1628.0492132032439,12.908601356542526
1.568743924709741,0.234984984984985,3.41864545,232.0257935954147,10.578473332552909
3.6791626005977025,1.670842824601367,1.2652299393861395,604.0,5.864060819297575
7.128682551116879,1.551111111111111,1.098094234450549,1257.022089674939,8.001799263972782
11.564173306634355,1.193475711558703,0.9851658825501325,535.0,10.746043189199334
1.7555555555555555,1.0191846522781776,2.280924351807229,1756.0804841358063,10.463738368491228
1.9580572545259303,1.1313219315742562,0.6576769219859403,175.81891466667594,7.536845238372633
3.746155049629899,1.5702853336757885,0.4939401767264574,495.0,7.922978269026229
1.3345590619111216,2.0178074186827155,0.40004635691012247,208.1500771163656,6.041899186306282
0.874541302876698,0.363242341439694,0.7808209152753305,446.0523523921206,42.04100989656584
1.8478915662650603,1.0010703882949477,0.7511909350068074,460.0,9.576338817322792
7.779217859621084,1.3497627204316984,1.1176994204326058,246.92293490322905,9.474366820503006
3.8881789137380194,2.827232796486091,0.579772573047197,766.0,7.77350797701731
1.8460644333839733,2.0668380462724936,1.6811656887678694,450.0,9.424428279992494
2.255506607929516,0.30139606272166103,3.196684472200285,771.8780462928985,22.402713820490906
7.01077232116754,1.870632874082594,0.7341206898985861,498.0,13.076538075600517
4.205895438242635,1.0174563591022443,1.3607351306919058,301.97051141021467,9.197376930418317
7.622750350048598,1.6200608085987085,0.8509069657927787,637.0,8.459818315872106
7.017231830708567,1.9045416543952343,1.686359397791877,647.9691067125804,6.829332969959271
5.2168486739469575,2.9721189591078065,0.7341206898985861,569.0,6.401235752772778
2.3014128728414445,1.3392200147167037,2.480866486792453,397.0,53.754235474991205
1.0,0.0166204986149584,1.469681739017317,565.7566904246798,8.543530869143197
4.145161290322581,0.905982905982906,0.7089484805470461,450.94218403640167,10.83252444802526
2.16845641176849,1.636761487964989,0.8404675989367089,725.0,6.01249342688417
11.594440943239617,2.582496605675945,3.41864545,235.12070878342226,8.4934458603601
4.145161290322581,0.5980937251787133,2.5040171920284697,165.0,11.22374066855808
10.128248192310414,1.350002252157352,3.704072494112676,427.0,46.21431032726387
2.7931266846361185,0.3009404388714733,1.8317054824596768,445.9054675764188,22.967029044045546
2.869590397104696,1.120481927710843,1.987355524097488,1359.0,6.111786241413837
1.5138888888888888,0.2464454976303317,3.405685337927357,372.10988065554574,8.536229412366673
2.4891198782338924,0.8285160930309873,1.6872082006182796,446.13325713759883,12.805877739172216
3.472340425531915,2.842592592592593,1.1155714660929648,296.0,8.310746103385254
11.899598393574298,3.929236499068901,1.7903043185337066,453.91395308292783,10.75576266667818
2.567204301075269,1.0908015012754948,0.6369800160667525,1361.0,9.972228455742497
1.0030120481927711,1.6365655440561107,0.6507561011983471,280.0,8.360355915895816
6.094394438882208,0.7297531463837014,3.8791539472340415,419.0,13.571786845385066
2.2348837209302324,0.9785714285714284,0.4315552392813672,589.0,10.379224451464758
2.67350433813727,0.9811557788944724,0.7808209152753305,539.0,7.751152509399725
2.67350433813727,2.0891367621249533,1.118216905706806,416.0585945064959,10.834275551644872
,0.1761517615176151,1.016789317398287,640.0739845083066,8.818479218217062
0.5714285714285714,0.7030676141068228,0.38306737245310507,449.87203328627743,25.77748448186996
2.2750865051903117,0.6642335766423357,0.79206748213986,477.9444805450942,7.352371082093139
1.7336182336182335,0.1761517615176151,0.6726872164701947,430.05488235766893,6.9692641698512485
1.004739336492891,0.9385496421527246,0.3992997230645161,1509.0,13.30798668655008
1.8672413793103448,0.8031088082901554,1.0519122050621137,422.18255364512106,7.7702230176607605
2.280112044817927,0.0496575342465753,1.5013139915159974,518.0,10.470595846105722
1.5138888888888888,3.1315306507081058,1.0521941108447823,494.99400411582883,5.739120972886906
3.821002295269843,0.772795216741405,1.1063360972892358,518.9197069387833,9.036034050546949
2.047425474254742,1.8933027800097524,1.5553533894736844,571.0,10.978492265028464
7.866888523841239,0.9573542210617928,1.0673956432531382,685.0692081428157,8.581885920350002
2.898409893992933,1.044821865386776,0.5453610499338403,555.0,24.825714866219553
1.0395958841531343,1.3166522864538397,0.9906574082833545,578.0,10.979105628812244
3.5135135135135136,1.3146551724137931,1.0399941717054262,494.99400411582883,8.826972235894846
3.1138368569514836,1.83248730964467,3.4639572901081084,535.0503075409019,10.618830719292944
3.483776639746535,0.0687361419068736,0.6095362103001877,446.0523523921206,9.73287698446939
3.143234542346592,0.30139606272166103,0.5909407701243202,727.0,10.133208512013592
4.764296493239967,1.3368055555555556,1.4231586256137931,555.0,6.319675506585803
2.7931266846361185,1.3813993174061434,1.0358961630839305,373.9253552061651,8.226556390220669
0.8794964028776978,0.8916308825219643,0.8248793854414415,571.0,13.340235590612547
7.126149802890933,2.0891367621249533,1.8483237935643564,683.0,8.031088455714217
5.474820143884892,2.9721189591078065,0.9443905428680204,556.0588245198286,11.033580356881126
2.290846877673225,2.255376344086021,1.0952189378620691,589.0,11.832902481991999
1.6682316118935838,2.551597051597052,1.19602986394686,515.1633822818976,6.993128947943761
2.371900826446281,1.7756521739130435,0.4950302297993199,274.0179709233547,8.211563608651389
4.1547445255474456,0.8751175437777753,0.6406267878633721,584.0,26.402228384213082
3.4680851063829787,2.406474820143885,1.9995622178653663,558.0,6.275531879297331
5.773851590106007,0.7030676141068228,1.1063360972892358,446.0,11.869926912231316
2.202108963093146,1.5702853336757885,1.306135613164557,1362.162906605456,5.587596911863906
11.783708719274006,2.2079904082797985,1.1728459934018691,556.0588245198286,22.353030430750586
5.313624678663239,1.1819290822628514,1.6872082006182796,185.0,10.62659208733793
2.174429289981162,0.16189086753300902,2.3976705456161898,216.03012027634483,6.183450194979987
7.1587720799459325,0.7664376565716051,0.5453610499338403,247.0,8.916035299262333
3.949565217391304,2.827232796486091,1.2034824726086957,338.0,5.755866018397273
0.9344728279527477,2.8916756215634702,0.7821344745625,791.0,7.384833842329343
1.7336182336182335,0.6861313868613139,2.2114591464352578,216.0,10.235290784001432
12.584113876118847,0.3564380431531957,1.081740151064389,255.0,14.00862110478148
2.202655376274619,1.2882805816937553,0.6069085168264168,174.0834246671222,12.218521936508827
3.4695652173913043,3.145291479820628,1.2082075278799338,498.0,14.587844660490894
6.930635838150289,2.5796584576594506,1.419364330179166,247.0,11.629444663051238
5.2168486739469575,1.1787234042553192,0.4867995872255813,477.9444805450942,10.742927815289406
1.8478915662650603,0.721359940872136,0.35469046946728877,263.0181201479545,21.371398946457653
1.6629392971246006,0.3009404388714733,0.7233235771461282,517.8330573524858,7.489533219408289
2.869590397104696,0.8751175437777753,1.5456675835623883,626.9229383339454,12.927987293734276
4.258941181074137,2.2079904082797985,1.5553533894736844,338.0,8.785316516363803
5.474820143884892,1.2767523182166591,1.686359397791877,232.0,9.343269148014526
2.2305181386317448,3.4122822847346037,1.1015169205221558,169.0,7.542535276384264
1.5520193283078965,4.232189973614776,0.6576769219859403,1180.0,24.571902793617042
3.732315383486338,0.9847908745247148,3.0666995592844253,449.0,13.839371258833651
2.2718100890207715,0.363242341439694,2.883315706580915,559.0,8.696829329470843
2.8547169811320754,0.079646017699115,0.7148642180591205,1653.849946356632,13.624037728088007
1.0191204588910134,,1.4225876957068961,235.12070878342226,51.908251964539765
3.6840672735351543,1.152317880794702,2.5040171920284697,210.20512565571156,19.3728927227253
2.6675094816687737,0.5943396226415094,0.8355908998522168,796.0,8.324876141308724
6.8780488125452885,4.468005561621138,1.2034824726086957,190.02841196272078,8.484050112573305
3.732315383486338,1.0174563591022443,1.5456675835623883,555.0,8.134869215205466
0.5714285714285714,0.079646017699115,1.0603468722869955,313.0,9.855236766820717
3.483776639746535,2.2747579845880757,0.82185950125,450.94218403640167,9.822180591404585
0.5514018691588785,1.881977671451356,1.3159443072096353,459.910008637801,13.16028258233997
11.594440943239617,3.1118981828638432,1.3669547928026464,203.0061636070824,16.282809070874034
3.483776639746535,1.9504680044868523,0.928562145096953,553.0543875408274,3.961299612438628
1.8847283406754771,1.6200608085987085,1.306135613164557,569.0,39.603936891663174
1.7551225227795417,1.297677261613692,1.1375279865709047,1332.0,24.504869512299848
1.2435757190724332,3.4122822847346037,1.419364330179166,626.0,41.79355775309114
2.255506607929516,2.039713290358894,0.5030381117931034,667.0,57.695128995600065
1.9513274336283184,1.5175718849840256,0.7914784407378641,408.99781461329593,6.831526513083565
1.320079522862823,0.1472868217054263,0.8517704912324493,558.0,4.971090620503319
6.040865384615385,2.567560191600181,1.016789317398287,683.0,25.642364180081223
3.1844232182218954,2.9721189591078065,0.6650440829178146,1132.054937203547,6.410849283975236
2.164328657314629,1.1101321585903083,1.4880710145337368,580.0,10.068360844649508
11.702586206896552,1.061746987951807,1.4880710145337368,636.9476272758088,6.320469523497983
0.8228404099560761,0.6449704142011834,0.6515748431587698,248.0,23.134646811216953
1.5751072961373391,1.4462296866291422,1.0770884956158517,661.0,11.707058209617848
1.2435757190724332,1.1313219315742562,0.6831050501174744,640.0,9.357520751926575
0.2216216216216216,1.2019245133915248,0.7372971732401215,701.8524788259866,5.2314739003553825
2.086261980830671,0.6539450024283765,0.8738881877512441,232.00820234340958,9.327489579228423
2.174429289981162,1.3146551724137931,0.35469046946728877,1685.0,11.576542393722276
2.729268246568787,0.0939044481054365,3.4639572901081084,208.0,21.656971954272624
3.2938776853376366,1.9405146657553995,1.1356109989919356,235.00444190322918,20.91866576636757
3.2882882882882885,0.747085201793722,0.6380576920143884,257.0,5.8624352981639625
4.013192612137203,1.3151326053042125,0.4971765944992175,257.0,5.003504647237495
3.411290322580645,0.9585549468462371,0.5909407701243202,258.0611628701932,11.64064051572617
2.3134796238244517,1.1145063095784444,0.8900328854946996,708.0,22.258786745326418
3.738359201773836,0.363242341439694,0.9487952036347196,1635.9661546202628,40.30820745599544
2.076475477971737,1.6365655440561107,1.2325423035036496,232.00820234340958,6.899047226422267
6.8057742936538475,0.44442247549342995,0.6428736140144664,702.0,9.92653071171899
9.870589253418492,3.9243901325206596,2.250644925257732,302.0,9.446167527650356
2.0143198090692125,1.5366432693031424,0.9316873816352726,235.0,8.837331586040444
1.5203252032520325,3.434163701067616,1.1500329296726541,216.0,12.984087230542528
0.9810874704491724,1.4827586206896552,2.883315706580915,450.161822952147,11.885133014441346
4.159763313609467,2.4240282685512367,1.0952189378620691,281.0,6.230137603967777
6.040865384615385,0.12617570450256466,1.283829623833992,638.0,8.551091166864563
4.951417004048583,1.044821865386776,0.9643423212393162,1203.0,8.15296701704688
1.2435757190724332,2.842592592592593,1.0410364584981748,234.0,6.60978122436767
0.0170212765957446,3.5044722719141324,1.0770884956158517,416.0585945064959,22.766351827070753
1.5008944543828264,0.3238770685579196,0.7431474567015475,1135.0,15.11292761608902
2.3014128728414445,0.983181220335052,1.6001290015882166,553.0,5.311167635563546
6.040865384615385,1.0446428571428572,0.7747335336512795,255.0,11.531993635727376
22.16751269035533,2.039713290358894,0.3477553372571428,1159.0,21.411989648656803
11.69357495881384,2.1923076923076925,0.7089484805470461,1654.0,11.190757281000748
3.476086956521739,1.4760581610025698,0.9886787929865757,664.1090170329792,8.970356373991027
2.371900826446281,0.5009276437847866,0.5030381117931034,251.0,6.069631226625743
3.4480403122292196,0.3418530351437699,0.9719677498068968,451.0,6.593647757531117
3.424410810161465,1.9985875706214689,0.9906574082833545,633.0,5.99740424937681
1.568743924709741,0.6110142563284142,0.8509069657927787,328.95299053062337,8.569919257192428
1.9513274336283184,2.7774546492451755,1.441162870206273,645.0,11.716648712901765
1.320079522862823,1.1636363636363636,1.0410364584981748,1187.8589488273062,10.619904485250425
2.3448275862068964,2.554260497415919,0.9443905428680204,682.9277395283073,11.408426092601864
7.770618556701031,1.7587822014051522,1.2082075278799338,608.0382370363797,17.791317674406162
2.2348837209302324,1.3813993174061434,1.035619209090909,203.0061636070824,11.441694026687525
3.158204562178072,1.9045416543952343,1.0975471822884475,394.0,7.347959361327039
1.937459255913051,1.1361702127659574,1.3073257546666668,258.0,10.916409085896925
3.5097026236580975,0.7432432432432432,1.0395465763897265,1148.9484644484917,11.225545503987618
3.821002295269843,0.4538152610441767,1.2773520689794764,638.947960117823,8.137256978293891
3.3146853146853146,5.231724137931034,0.6902103722568809,636.9476272758088,11.480402797433783
9.824730893306754,4.830645161290323,1.3709321216662984,257.10873750298595,9.36915556314176
3.472340425531915,0.8013986013986014,1.313303878409091,388.0023546712297,8.443227325351668
1.0332409972299168,3.4157730066332164,1.1356109989919356,197.06996295844874,7.624705673157081
1.320079522862823,0.44442247549342995,1.8037703683023416,258.0611628701932,11.457463152580338
9.763272453611764,2.112655168502513,1.2116534317145344,1258.9846953131669,23.960239243955666
2.798198198198198,4.906542056074766,0.8509069657927787,446.13325713759883,8.551701317450407
3.0972393605818493,1.108665749656121,0.8969448044941168,569.0,9.414337678152041
3.1138368569514836,0.0939044481054365,0.6309885001154356,1179.8299358165268,11.696420917850789
1.0057142857142858,1.769041769041769,2.257246904685845,450.161822952147,6.20599399169882
7.713709677419355,3.524834437086093,0.9904783803166226,202.0,42.40708748216215
0.8758992805755396,1.298888857062599,2.280924351807229,647.9469809150169,10.238250111408126
1.5751072961373391,3.2168415766575653,1.0599979094668506,283.0,9.620849016942461
2.00375234521576,1.5665236051502145,3.405685337927357,395.01306091630937,9.817079104148227
2.915138633095808,1.7221006564551422,1.1931869062609388,530.063872549159,11.39549332793154
0.8794964028776978,1.942528735632184,0.8969448044941168,242.0,8.994469817901585
2.255506607929516,1.5956683437885746,0.8397308041048053,459.910008637801,7.909294508593868
1.8672413793103448,1.4330700864856203,1.313303878409091,796.0,8.96144189185064
2.174429289981162,1.7527279218121605,1.4330344602385687,197.0,5.609515206051201
1.0,0.9741998121335558,2.9747679982228394,282.94425742102806,8.907483819233214
11.69357495881384,1.1819290822628514,1.6539226306302797,1115.0,10.966014881910066
2.174429289981162,0.5961538461538461,0.7083046237196124,1756.0804841358063,4.18012053401079
7.557312252964427,1.2882805816937553,0.8248793854414415,499.07945795218666,5.665443058258881
2.67350433813727,0.5961538461538461,1.16155022919678,388.052356432249,7.4900094867468
3.753880266075388,0.21813590073207456,0.7821344745625,640.0739845083066,6.810481494690872
11.69357495881384,1.9921156373193167,1.0840355952181082,495.0,8.357431013219093
11.899598393574298,2.842592592592593,0.6576769219859403,538.9786203879532,10.315962670214606
7.661257024411343,2.842592592592593,1.3285087332563053,258.0,10.209506510634977
2.0136217561874568,1.885981308411215,1.6664677837478108,274.0,6.264051837116062
2.2223263654246583,0.9741998121335558,1.879988091371681,175.81891466667594,7.008369859798098
1.568743924709741,0.9847908745247148,1.0395465763897265,515.0,5.076695583867221
4.1547445255474456,0.4516129032258064,1.1457042731690033,203.0,10.046463123854553
1.2729253640640512,0.44442247549342995,0.9643423212393162,290.0,7.116341521952846
3.11660777385159,0.5696969696969697,1.2034824726086957,498.0,6.853741135524956
4.111716896648825,0.6019736842105263,1.1520286412416163,1259.0,5.5738394263900135
1.8847283406754771,0.5362903225806451,0.5741782820985691,235.12070878342226,9.993796399785397
2.6675094816687737,2.255376344086021,1.452639155046729,685.0692081428157,10.003313869757893
7.866888523841239,1.4474729287891628,0.6451441036341199,714.0,12.340851238107511
9.763272453611764,0.9304789788071067,1.0770884956158517,1257.022089674939,12.390732387332667
2.70641715872897,0.9666666666666668,1.4137197061144575,255.0,9.699514662694359
0.9249316674763273,1.6009615384615383,1.2127674197775875,702.0,6.985104878653635
1.969208211143695,1.7863391210888482,1.03184535,556.0588245198286,12.440684405423411
3.1844232182218954,1.007168458781362,0.8209758464015903,688.0,8.710721947769043
3.2342528928177905,1.1819290822628514,0.5030381117931034,249.0,9.831544965883756
2.5790107341252035,0.6270007497432579,1.118216905706806,1117.0,5.484263322418748
2.282511210762332,1.3813993174061434,1.5390013384452514,661.0,7.577240491757788
9.763272453611764,1.4474729287891628,0.4256787362775291,258.0611628701932,48.8174236984051
1.8847283406754771,2.0047732696897373,1.0975471822884475,372.10988065554574,24.211649531048757
2.280112044817927,1.120481927710843,0.4867995872255813,1114.9298766179077,8.996965133865368
2.8547169811320754,1.108665749656121,0.986111329490022,552.8766312637074,7.828858524662493
1.0395958841531343,1.551111111111111,1.1728459934018691,725.0,10.868299836822464
2.898409893992933,1.457648546144121,1.2116534317145344,636.9476272758088,9.577608967690237
4.764296493239967,1.6947331084146302,1.6262813669822442,409.0,10.090307142749369
1.283828382838284,1.9060687020936247,0.4939401767264574,422.9936571362704,14.64563438239148
3.483776639746535,0.9585549468462371,1.6664677837478108,570.9650377211968,7.719504651862285
3.746155049629899,1.9458128078817731,1.5831359410652175,454.0,7.99781275640021
1.2901716068642746,0.9741998121335558,1.270690833333333,795.9502555222415,13.352330424665567
2.2223263654246583,0.9585549468462371,1.0952189378620691,422.0,8.957936917690976
2.45347019313092,2.8353658536585367,1.0603468722869955,288.0,7.49919173538185
5.10934393638171,0.30139606272166103,0.6309885001154356,766.1554832838121,7.138204120709251
0.9249316674763273,1.865903255404418,0.9778739178809037,1635.9661546202628,6.618371173516522
1.814349775784753,1.551111111111111,0.8248793854414415,165.0,8.610375739849363
3.371213648923388,2.45863309352518,1.4231586256137931,457.08265328736945,21.348320707276294
6.852331606217617,1.5998238438724262,1.0410364584981748,249.0,7.085512672867087
3.411290322580645,2.536553524804177,0.40004635691012247,449.9617509695412,8.799661124504999
1.0857142857142856,1.5864819607895615,0.6576769219859403,186.0,13.381575167168887
1.5788536481231177,0.9811557788944724,1.5456675835623883,772.0409145572385,12.807662849136648
3.448888888888889,0.1472868217054263,1.3607351306919058,224.0,22.61450539968114
4.151637072965719,0.6019736842105263,0.7330894674110364,329.0,12.93038469641651
2.047425474254742,1.9045416543952343,1.3709321216662984,766.1554832838121,13.338204849517007
9.034136546184738,3.145291479820628,0.6020802344868036,306.0,6.2555807762908415
0.8758992805755396,0.2464454976303317,2.546706800476191,535.0,10.018682885566053
6.044979364790556,3.4122822847346037,1.1405531255052084,257.0,24.128922972524297
2.950960901259112,1.885981308411215,1.6539226306302797,210.20512565571156,8.932784629036615
1.733266986344735,0.5286086261795253,1.1373207379104249,338.0,13.312894667886294
2.202108963093146,0.8285160930309873,0.6829739276388888,254.0,10.305256721444774
2.9706422018348624,0.7297622031082074,1.742552424174757,603.9107967668368,12.159675608020295
1.2729253640640512,1.3392200147167037,2.3976705456161898,515.1633822818976,11.56192635961099
3.143234542346592,1.0201612903225807,1.6821013921762555,296.1534097122459,9.914905807864105
1.8119891008174387,1.3146551724137931,0.4662884579881657,700.8912780166592,9.308789927562499
6.089473684210526,0.5943396226415094,1.1814339851603255,586.0,5.166044621851011
3.403118040089087,0.1208053691275167,0.7747335336512795,584.0,10.357885444985563
3.8292295472597297,3.9036388140161726,1.1365436789551724,570.9650377211968,12.857940471284905
1.6230366492146595,3.9243901325206596,0.7146784415743244,373.9253552061651,6.979307555533142
1.377710405031601,0.7755376344086021,0.7389396953658537,766.1554832838121,6.627167838399255
4.258941181074137,1.881977671451356,0.8124813901692524,592.0,8.904674591682186
13.123417721518988,0.3821243523316062,0.9460597907939914,641.0093839429339,14.329930544741636
3.4695652173913043,1.3930777784234913,1.1155714660929648,407.06401785443535,7.8292541050306115
3.016497461928934,0.8751175437777753,0.7431474567015475,185.0,13.644878172878776
2.543018335684062,0.8028169014084507,0.5347366602846941,186.0,20.85606143651975
2.6675094816687737,1.6431410068706402,1.081962907007772,728.0,5.691906956459609
0.9136904761904762,1.2019245133915248,1.2034824726086957,553.0,11.302131987536193
2.295109005767142,1.769041769041769,2.828577995193798,329.94596546707,5.618952368389173
7.102068965517241,2.2093865165064894,0.5316934723076924,185.0,11.245731081187937
0.9649890590809628,3.2831858407079646,1.7276487142833603,647.9691067125804,10.667412665485987
3.8469512606720135,0.1472868217054263,0.90895641375,288.0,7.956222371893866
9.80232558139535,3.145291479820628,1.3297376841244417,389.0,5.552013600898876
2.2718100890207715,1.298888857062599,0.9423009478403811,408.99781461329593,9.10904870756769
1.0058565153733527,2.7774546492451755,0.7089484805470461,336.0,43.11758501608266
7.41733763987808,2.842592592592593,0.42682227739851564,430.0,5.224933971489686
3.3067173637515843,1.4462296866291422,1.098094234450549,416.0585945064959,20.357159142600235
,0.6937685459940652,1.016451619121832,232.0,8.471401358898321
1.8478915662650603,1.0901960784313725,2.049348258366149,586.0636601473556,6.408513646097772
7.039879753159632,0.8813953488372093,0.8069352203815491,186.0,12.37725016581529
5.333870967741936,1.4474729287891628,0.9039427881502764,523.0,10.661969999087678
3.4532751093597644,1.1355206847360912,0.8144659772518513,1508.9791178638945,7.778133375446153
3.950892857142857,0.7030676141068228,0.9580979545623103,1429.9237204131198,11.309584553871206
11.361984399280313,1.152317880794702,0.9605764974062968,1430.0,8.21039811035561
3.9172185430463577,0.7664376565716051,0.9887635372043584,246.92293490322905,8.54532347656948
2.9706422018348624,0.1472868217054263,2.2444524601336453,457.08265328736945,19.227844029503885
1.2435757190724332,2.406474820143885,1.3525676839151477,790.9951327364531,4.570224184758274
2.209657701711492,1.4474729287891628,1.1373207379104249,371.935493280722,14.410163740181051
3.448888888888889,0.4516129032258064,1.0603468722869955,445.9054675764188,5.930822860901393
2.915138633095808,1.5864819607895615,1.1375279865709047,355.0171008110556,5.294976331164146
22.16751269035533,1.6880586246385807,1.1373207379104249,190.0,9.256875002554864
2.254593175853018,1.0079522862823065,0.8209758464015903,626.0,8.875283202395286
3.753880266075388,1.8933027800097524,0.7821344745625,1148.9484644484917,35.28205075545378
3.483776639746535,1.83248730964467,1.0523479426716242,197.0,6.887153395751243
1.937459255913051,0.8916308825219643,1.3797590782496665,296.0,6.531566631276036
11.547413793103448,1.2882805816937553,3.5967109078287924,274.0,7.732586116192646
3.3208483059572784,0.9574175824175823,0.6309885001154356,216.03012027634483,53.15097590562808
3.9172185430463577,1.0010703882949477,1.1814339851603255,702.0,7.456188436338658
3.475438567015687,0.8028169014084507,1.6811656887678694,216.0,11.13695335262875
1.0857142857142856,0.6073298429319371,1.0231803365519283,397.0,6.518934836145714
4.0071942446043165,0.3009404388714733,1.138112064562864,257.10873750298595,12.456447461942345
4.642735673451682,2.0604030502047763,0.7917685331662552,318.0,12.489346681564854
1.004739336492891,0.4993771027655944,0.627536617592494,1684.9564477374286,11.78698695455283
2.684201018428052,2.554260497415919,1.0260230449823906,249.02970568780668,8.494139197070288
