,person,object,speed,frames,time
0,11.302884615384617,0.2836538461538461,1.403075052596154,208.0,13.483680373188914
1,1.14,0.56,2.3746174319999995,50.0,1.4501266435711284
2,1.9433293978748525,0.7414403778040142,0.6693069444628099,847.0,9.794603524229075
3,1.000862812769629,1.3166522864538397,0.7962648480241588,1159.0,24.911718197467273
4,2.7472527472527477,0.9574175824175823,1.098094234450549,728.0,8.418502202643172
5,2.543018335684062,0.8533145275035261,0.8124813901692524,709.0,36.666977612621956
6,2.282511210762332,1.3946188340807175,0.4939401767264574,446.0,12.647334644764635
7,3.8292295472597297,0.5980937251787133,0.9232131596981732,1259.0,41.091799844578844
8,3.8881789137380194,1.5175718849840256,1.3915678766773163,313.0,20.290345946192932
9,7.440789473684211,0.5986842105263158,1.5553533894736844,608.0,31.443614088115865
10,1.0101321585903085,1.5898678414096916,0.406872329476652,2270.0,493.10148044217686
11,6.089473684210526,2.173684210526316,1.072239777736842,190.0,12.316823417816797
12,7.770618556701031,0.306701030927835,2.250644925257732,388.0,11.002613995893899
13,1.4937388193202146,3.5044722719141324,1.1910444024597495,559.0,28.909507031672316
14,2.383219954648526,0.5975056689342404,1.1465237650340137,882.0,10.199339207048459
15,1.5691699604743083,3.960474308300395,1.2034824726086957,253.0,16.40082276161921
16,1.870344827586207,5.231724137931034,0.9719677498068968,725.0,8.383810572687224
17,2.606060606060606,3.083333333333333,0.8414083758333333,132.0,3.828334339027779
18,1.0,1.7959183673469388,0.9812397351020408,49.0,1.421124110699706
19,0.5514018691588785,4.906542056074766,1.452639155046729,214.0,13.872632691646286
20,6.413043478260869,2.9239130434782608,1.1197125492391304,92.0,2.6682330241708763
21,2.051121076233184,3.145291479820628,0.6884410090143499,1115.0,23.965975660203632
22,6.930635838150289,3.2736030828516376,1.03184535,519.0,14.717414082136425
23,3.868008948545861,0.9172259507829976,0.9681370051006712,894.0,10.338105726872246
24,1.2837127845884413,2.2416812609457093,1.6664677837478108,571.0,29.530104678148287
25,2.6034965034965034,0.8013986013986014,0.79206748213986,1430.0,46.67297361219042
26,4.708029197080292,0.6861313868613139,1.2325423035036496,274.0,17.76215587622001
27,1.320079522862823,0.3538767395626243,0.6765366367673956,503.0,14.263698041068636
28,2.255506607929516,0.9977973568281938,0.7808209152753305,454.0,12.87419266529853
29,1.7984581497797356,1.3105726872246697,0.5776721408788545,908.0,10.5
30,1.7972972972972974,0.6081081081081081,1.6051163275675675,74.0,2.14618743248527
31,2.8022598870056497,1.734463276836158,0.6798633104519773,177.0,5.133448318241795
32,11.899598393574298,1.120481927710843,2.280924351807229,249.0,16.141521215980962
33,4.061224489795919,1.530612244897959,1.1226885154081632,98.0,2.842248221399412
34,3.3146853146853146,1.0195804195804197,0.5316934723076924,715.0,36.97727643585994
35,7.4457236842105265,0.6019736842105263,1.524629962944079,608.0,31.443614088115865
36,2.8503937007874014,0.515748031496063,3.182422987007874,254.0,16.46564814802877
37,6.78125,0.1171875,0.63307786265625,128.0,3.712324207542089
38,11.808333333333334,0.4416666666666666,2.2065361900000005,120.0,3.4803039445707085
39,11.69357495881384,0.0939044481054365,1.7276487142833603,607.0,31.391897617576202
40,1.7421259842519683,1.2598425196850394,0.6112532131712599,508.0,14.40548430390232
41,8.610837438423646,1.9458128078817731,0.8355908998522168,203.0,13.159553441141103
42,4.715404699738904,2.536553524804177,1.3607351306919058,766.0,8.857929515418503
43,5.313624678663239,2.0668380462724936,2.151426568534704,389.0,11.030971248460636
44,1.9357798165137612,2.697247706422018,0.2452597461467889,109.0,3.16127608298506
45,5.474820143884892,1.1618705035971224,0.6380576920143884,278.0,18.021457421858262
46,2.2718100890207715,0.6937685459940652,1.0231803365519283,1685.0,66.77672828104082
47,8.018018018018019,0.234984984984985,2.1484914624849853,1332.0,43.47440618981653
48,1.8365384615384612,0.5961538461538461,0.8045576387259614,416.0,11.79661706776253
49,2.015819209039548,0.392090395480226,0.6799843292090395,885.0,10.234030837004406
50,15.551724137931034,1.827586206896552,1.7621572488505746,87.0,2.5232203598137635
51,0.8228404099560761,0.0702781844802342,1.069528159633968,683.0,35.32234937859069
52,3.1252847380410023,1.670842824601367,0.8069352203815491,1756.0,69.59046579317963
53,9.998078770413064,1.3064361191162344,0.8832200131604226,1041.0,22.37540866571478
54,3.540925266903914,3.434163701067616,2.5040171920284697,281.0,18.215933581086947
55,7.48639455782313,3.1258503401360542,1.0017553037755105,882.0,10.199339207048459
56,9.609318996415771,1.007168458781362,0.8976066374910394,558.0,28.857790561132653
57,0.8794964028776978,2.45863309352518,1.2517727685251798,556.0,28.754357620053323
58,1.0191204588910134,1.4053537284894837,0.8743755017782028,523.0,14.830843092403372
59,15.703875968992248,1.4790697674418605,1.0399941717054262,645.0,33.35712349808344
60,1.6354883081155434,1.108665749656121,0.54387826607978,727.0,8.40693832599119
61,3.8,0.1787234042553191,3.426309254468085,235.0,15.23396580624709
62,0.9649890590809628,1.636761487964989,0.7089484805470461,457.0,12.95926442299874
63,1.5751072961373391,1.3819742489270386,3.506349628798283,233.0,15.104315033427968
64,1.0057142857142858,1.76,0.3477553372571428,175.0,5.075443252498951
65,11.547413793103448,1.271551724137931,2.186724399137931,232.0,15.039489647018405
66,5.333870967741936,4.830645161290323,0.3992997230645161,620.0,32.06421173459184
67,2.950960901259112,1.0079522862823065,0.8209758464015903,1509.0,49.2514106159408
68,3.753880266075388,0.0687361419068736,0.986111329490022,451.0,12.789120907598319
69,5.2168486739469575,0.2441497659906396,2.2114591464352578,1282.0,41.84248403554414
70,10.392189218921892,1.3668866886688669,1.0753930963531353,1818.0,72.0475323530755
71,2.209657701711492,1.297677261613692,1.1375279865709047,1636.0,64.83485309660699
72,1.5138888888888888,1.3368055555555556,0.4975790793055556,288.0,18.66971128595388
73,2.6567717996289426,0.5009276437847866,3.08902029554731,539.0,27.875177620879033
74,10.115384615384617,0.2884615384615384,3.249554423076923,52.0,1.508131709313974
75,1.5663338088445078,1.1355206847360912,0.7430487186162624,701.0,36.253245848304644
76,3.414953271028037,1.885981308411215,1.1728459934018691,535.0,27.668311738720377
77,4.013192612137203,4.232189973614776,0.9904783803166226,379.0,10.747398722793266
78,3.543761638733706,3.929236499068901,1.1227047939851025,537.0,27.771744679799706
79,3.1904761904761907,2.119047619047619,2.546706800476191,210.0,13.61333114600804
80,0.0,2.1654135338345863,2.419875844646616,133.0,3.857336871899202
81,7.13030303030303,1.981818181818182,0.6781796301969697,330.0,21.392377515155488
82,1.0068359375,0.5439453125,0.4492313945556641,1024.0,22.010008139953825
83,7.557312252964427,1.699604743083004,1.283829623833992,253.0,16.40082276161921
84,1.131782945736434,1.5116279069767442,0.8417271365891473,129.0,3.7413267404135118
85,2.567204301075269,2.255376344086021,0.5812291436935484,372.0,10.548897954826108
86,6.040865384615385,1.6009615384615383,0.90895641375,416.0,11.79661706776253
87,1.8847283406754771,1.1101321585903083,0.6831050501174744,1362.0,44.45355948237997
88,5.10934393638171,0.2902584493041749,1.4330344602385687,503.0,14.263698041068636
89,1.7336182336182335,2.7934472934472936,1.6089905744586892,702.0,36.304962318844304
90,12.235849056603774,1.858490566037736,1.923233333018868,106.0,3.0742684843707924
91,4.951417004048583,1.777327935222672,0.985390006437247,247.0,16.011870443161836
92,2.1154708520179373,1.815022421524664,0.8003727688677131,892.0,10.314977973568283
93,1.9046242774566475,1.0621387283236994,0.7094782008381503,692.0,35.787797613447665
94,1.283828382838284,0.0,1.553126383861386,303.0,19.64209208209731
95,4.145161290322581,1.7473118279569892,1.6872082006182796,372.0,10.548897954826108
96,2.6675094816687737,1.457648546144121,0.9580548829582806,791.0,9.147026431718063
97,3.768817204301076,0.0763440860215053,1.1579853600860217,930.0,10.754405286343614
98,1.7384937238493725,1.2594142259414225,1.0673956432531382,478.0,13.554766726900215
99,0.7907324364723468,0.772795216741405,1.0603468722869955,669.0,34.59831879103538
100,1.8672413793103448,1.346551724137931,0.5030381117931034,580.0,29.995552913005266
101,3.738359201773836,0.0620842572062084,1.0666263773835918,451.0,12.789120907598319
102,2.254593175853018,0.8753280839895013,1.0465463653543308,762.0,8.811674008810572
103,2.081481481481481,1.5185185185185186,1.1453006803185186,135.0,3.9153419376420473
104,3.1844232182218954,1.37252020573108,1.139986135782513,1361.0,44.42092103929452
105,5.44043321299639,4.64259927797834,0.9460282830926594,831.0,9.609581497797357
106,0.0,2.287128712871287,1.8483237935643564,202.0,13.094728054731542
107,1.0,0.2884615384615384,0.5844052534615384,52.0,1.508131709313974
108,4.1547445255474456,0.4598540145985401,1.1116775111532846,685.0,35.42578231967001
109,2.277205040091638,0.8132875143184422,0.3398778874662084,873.0,10.095264317180616
110,2.898409893992933,1.993816254416961,0.7608513079328622,1132.0,24.331376185964583
111,1.9646107178968653,1.3811931243680486,0.8410535626794742,989.0,21.25771293985775
112,10.083743842364532,0.2364532019704433,1.5245580231527096,203.0,13.159553441141103
113,2.637647058823529,0.9647058823529412,0.5718728974823529,850.0,9.829295154185022
114,3.403118040089087,1.870824053452116,1.1106700752249443,449.0,12.732406402464846
115,1.6682316118935838,0.6870109546165885,0.4971765944992175,639.0,33.04682467484546
116,2.058361391694725,0.5993265993265994,0.723045003939394,1782.0,70.62084854410371
117,1.4412733260153676,3.713501646542261,0.7772743569440176,911.0,10.534691629955947
118,1.976491862567812,1.4665461121157324,0.6428736140144664,553.0,28.59920820843433
119,2.2750865051903117,2.5069204152249136,0.731654243633218,578.0,29.892119971925936
120,1.0,0.0,0.4662884579881657,169.0,4.901428055270414
121,6.852331606217617,0.3821243523316062,0.9087283646373056,772.0,8.927312775330396
122,8.064516129032258,0.2580645161290322,1.3287648333870965,62.0,1.7981570380281995
123,1.2274881516587677,0.2464454976303317,0.7506212885189574,422.0,11.96676058316295
124,1.2,1.6285714285714286,0.5029355262857143,70.0,2.03017730099958
125,7.665658093797277,0.9636913767019668,1.3301302029803328,661.0,34.18458702671807
126,3.3067173637515843,1.7807351077313054,1.3576197226489224,789.0,9.123898678414097
127,2.047425474254742,0.1761517615176151,0.7389396953658537,738.0,8.534140969162996
128,0.3513513513513513,1.2972972972972974,1.90047178077027,148.0,4.29237486497054
129,12.177570093457945,1.794392523364486,1.9520642495327103,107.0,3.103271017242215
130,1.0857142857142856,0.9785714285714284,2.381294616214286,280.0,18.151108194677384
131,7.102068965517241,2.1517241379310343,1.4231586256137931,725.0,8.383810572687224
132,9.955339805825243,0.9242718446601942,1.742552424174757,515.0,14.603985071869479
133,3.476086956521739,2.232608695652174,1.5831359410652175,460.0,13.044336180698952
134,4.073232323232324,4.317340067340068,0.8042183469781145,1188.0,25.535048506118308
135,2.2348837209302324,0.8813953488372093,0.4867995872255813,430.0,12.193618603696846
136,2.3014128728414445,0.8508634222919937,0.8509069657927787,637.0,32.94339173376613
137,6.071428571428571,0.1607142857142857,2.031408248214286,56.0,1.624141840799664
138,4.624724061810155,1.152317880794702,1.270690833333333,453.0,12.845835412731793
139,0.8082191780821918,0.0496575342465753,2.6296347521061643,584.0,30.202418795163922
140,7.126149802890933,1.9921156373193167,1.081740151064389,761.0,8.80011013215859
141,5.773851590106007,4.4840989399293285,1.0789410836042403,283.0,18.345584353906073
142,0.0,1.2857142857142858,0.2744372735714286,42.0,1.218106380599748
143,2.977886977886978,1.769041769041769,1.155770547835381,407.0,11.5414017946619
144,1.672846237731734,0.9487459105779716,0.5322569967284624,917.0,10.60407488986784
145,0.8758992805755396,2.406474820143885,1.3405084945503598,556.0,28.754357620053323
146,3.592150170648464,1.947098976109215,1.09970870721843,586.0,30.305851736243252
147,2.197619047619048,1.975,1.287914144464286,840.0,9.713656387665198
148,2.763636363636364,1.1636363636363636,0.5460254626666667,165.0,4.785417923784724
149,2.7931266846361185,3.9036388140161726,0.7300918523854446,1484.0,48.435449538804605
150,2.8641484426772696,1.0768721007289597,0.8930006889065606,1509.0,49.2514106159408
151,1.2671480144404332,1.2851985559566788,0.5713283400481348,831.0,9.609581497797357
152,1.969208211143695,3.222873900293255,0.6020802344868036,682.0,35.27063290805102
153,5.564814814814815,2.842592592592593,0.6829739276388888,216.0,14.002283464465412
154,2.164328657314629,3.302605210420842,1.181247919478958,499.0,14.150269030801688
155,1.7502726281352237,0.6063249727371864,0.5389908530098146,917.0,10.60407488986784
156,1.0332409972299168,0.0166204986149584,0.928562145096953,361.0,10.236968176592002
157,1.971105527638191,0.9811557788944724,1.1155714660929648,796.0,9.204845814977974
158,12.680933852140075,0.5019455252918288,3.204474864980545,257.0,16.660124307257455
159,9.314285714285717,0.9285714285714286,2.492908662857143,140.0,4.06035460199916
160,1.9312796208530805,0.4454976303317535,0.5942943899526066,422.0,11.96676058316295
161,1.2901716068642746,1.3151326053042125,0.8517704912324493,641.0,33.15025761592479
162,1.814349775784753,0.747085201793722,0.6052989607982062,1115.0,23.965975660203632
163,4.042755344418052,2.1128266033254155,1.118648775783848,842.0,9.736784140969162
164,4.4491525423728815,0.7033898305084746,1.2477382768644067,118.0,3.422298878827863
165,2.7564102564102564,1.2884615384615383,1.0434395119871795,156.0,4.52439512794192
166,6.540162980209546,1.339930151338766,1.275191650733411,859.0,9.933370044052863
167,7.309523809523809,0.0238095238095238,1.550026391904762,84.0,2.436212761199496
168,12.66412213740458,0.5725190839694656,1.133281953740458,131.0,3.799331806156357
169,7.604142692750288,1.8504027617951668,1.3545592457422326,869.0,10.049008810572689
170,13.915492957746478,0.1690140845070422,3.3569715338028163,71.0,2.0591798338710023
171,2.99718045112782,0.0986842105263157,0.9046570960902256,1064.0,22.869774082920777
172,11.09322033898305,0.7033898305084746,2.2056740881355936,118.0,3.422298878827863
173,1.0,0.3853989813242784,0.6142030434465195,589.0,30.461001147862245
174,1.0259911894273128,1.7114537444933922,0.4509688027801762,2270.0,493.10148044217686
175,8.950354609929079,0.9148936170212766,2.512430785106383,141.0,4.089357134870583
176,0.0,0.32,2.269841452,25.0,0.7250633217855642
177,1.329485834207765,0.3557187827911857,0.7751607309233998,953.0,11.020374449339208
178,5.6173913043478265,0.0521739130434782,1.830354544347826,115.0,3.3352912802135957
179,1.850178359096314,1.197384066587396,0.6060581401153389,841.0,9.725220264317182
180,2.8561236623067776,2.7253269916765754,0.9948516358263972,841.0,9.725220264317182
181,1.0263157894736843,1.187799043062201,0.4739829784533493,836.0,9.667400881057269
182,1.2526315789473683,1.4105263157894736,2.8888109810526323,95.0,2.7552406227851445
183,3.2882882882882885,1.9297297297297296,0.9584458498018016,555.0,28.70264114951366
184,2.798198198198198,2.994594594594594,0.8248793854414415,555.0,28.70264114951366
185,2.706779661016949,1.2838983050847457,0.8697642701101695,1180.0,25.36309531752492
186,2.376311844077961,5.373313343328336,0.9605764974062968,667.0,34.494885849956056
187,2.1295336787564767,0.8031088082901554,1.081962907007772,772.0,8.927312775330396
188,1.433641975308642,2.9027777777777777,0.8974194891049382,648.0,33.51227290970243
189,1.8478915662650603,1.061746987951807,0.7074275800903614,664.0,34.33973643833706
190,11.702586206896552,1.3146551724137931,2.2320229745689657,232.0,15.039489647018405
191,4.4343612334801765,5.134801762114537,0.5974337799735682,1135.0,24.3958586316871
192,3.7287581699346406,1.4967320261437909,1.3969486411437908,306.0,19.836568241326
193,2.361290322580645,1.9935483870967745,0.4195344168032257,310.0,20.09586978696425
194,1.0,0.5943396226415094,2.480866486792453,318.0,20.614472878240743
195,22.16751269035533,1.83248730964467,0.6394717794416244,197.0,12.77060112268373
196,4.41871921182266,3.3004926108374386,0.8318026581034482,812.0,9.389867841409691
197,1.4497607655502391,1.881977671451356,1.1159582209888357,627.0,32.42622702836949
198,3.408450704225352,0.8028169014084507,3.704072494112676,355.0,10.066824661191582
199,2.9706422018348624,0.3944954128440367,0.6902103722568809,545.0,28.18547644411702
200,3.4695652173913043,2.284782608695652,1.6121535323478262,460.0,13.044336180698952
201,2.967391304347826,1.423913043478261,0.5334573082608695,92.0,2.6682330241708763
202,0.9649890590809628,1.7221006564551422,0.6416623466301968,457.0,12.95926442299874
203,2.8547169811320754,0.4641509433962264,3.41864545,530.0,27.409729386022054
204,4.708029197080292,0.6642335766423357,1.205865302627737,274.0,17.76215587622001
205,1.5203252032520325,1.0203252032520325,0.7583783011382114,246.0,15.947045056752273
206,1.054878048780488,2.8353658536585367,0.5955163621951219,164.0,4.756415390913302
207,2.974736842105264,0.8652631578947368,0.8299728596105264,950.0,10.98568281938326
208,2.6102362204724407,1.2883858267716537,0.6949861266141731,1016.0,21.83805495136044
209,0.9024171888988362,9.683079677708148,0.4256787362775291,1117.0,24.008963957351977
210,2.371900826446281,1.4765840220385675,1.035619209090909,726.0,8.395374449339208
211,3.280338664158043,1.1665098777046097,0.939780543151458,1063.0,22.8482799343466
212,2.10873786407767,0.970873786407767,0.7914784407378641,515.0,14.603985071869479
213,2.3448275862068964,1.4827586206896552,1.0952189378620691,290.0,18.799362058773006
214,1.6629392971246006,0.3418530351437699,0.7565442821405751,626.0,32.37451055782982
215,4.411016949152542,1.9985875706214689,0.7111970427824859,708.0,36.61526114208229
216,3.950892857142857,1.0446428571428572,0.82185950125,224.0,14.520886555741907
217,4.159763313609467,0.6449704142011834,0.4735903078195266,338.0,21.910980606431984
218,1.0,2.388059701492537,0.4236988368656716,67.0,1.9431697023853123
219,3.3449074074074074,1.320601851851852,1.2383691609606482,864.0,9.991189427312776
220,2.202108963093146,1.2513181019332162,1.59290720400703,569.0,29.426671737068958
221,1.9513274336283184,0.079646017699115,0.5109091527433628,226.0,14.650537328561033
222,2.00375234521576,0.0769230769230769,0.6095362103001877,533.0,27.564878797641047
223,7.755681818181818,0.7840909090909091,1.313303878409091,176.0,5.104445785370372
224,4.0071942446043165,1.0191846522781776,0.6806563993045565,417.0,11.824974320329266
225,9.80232558139535,0.1472868217054263,2.828577995193798,258.0,16.724949693667018
226,1.0011976047904192,1.221556886227545,0.8603660123592815,835.0,9.655837004405287
227,12.316239316239315,0.5299145299145299,2.167518227350428,117.0,3.393296345956441
228,2.572139303482587,1.6393034825870647,0.4630132231592039,402.0,11.399615531828212
229,4.398305084745763,0.7203389830508474,1.3091043827118642,118.0,3.422298878827863
230,3.448888888888889,1.9333333333333331,1.3073257546666668,450.0,12.760763655031582
231,10.253333333333334,0.3866666666666666,1.6564298333333332,75.0,2.175189965356693
232,6.657894736842105,1.3105263157894738,2.4520966340157897,190.0,12.316823417816797
233,1.043046357615894,0.0132450331125827,1.582101202384106,302.0,19.57726669568775
234,1.9660014781966,0.721359940872136,0.5829060116334073,1353.0,44.15981349461094
235,3.4680851063829787,1.097872340425532,0.9640440614042554,235.0,15.23396580624709
236,7.713709677419355,1.0201612903225807,1.8317054824596768,248.0,16.0766958295714
237,5.6,0.0347826086956521,1.815546623478261,115.0,3.3352912802135957
238,0.0170212765957446,1.1787234042553192,3.8791539472340415,235.0,15.23396580624709
239,2.08445945945946,1.25,0.7146784415743244,592.0,30.616150559481238
240,1.9107806691449811,2.9721189591078065,0.6141960321003717,538.0,27.82346115033937
241,6.942528735632184,1.942528735632184,0.9787851712643678,174.0,5.046440719627527
242,1.7555555555555555,0.5696969696969697,0.7015278732525252,495.0,14.036840020534742
243,2.4044444444444446,1.551111111111111,1.7488612193555555,450.0,12.760763655031582
244,6.7546875,1.746875,0.7821344745625,640.0,33.09854114538512
245,2.3134796238244517,0.3009404388714733,0.7078837895924764,638.0,32.995108204305794
246,1.0,6.458762886597938,0.5311168887113402,194.0,12.576124963455046
247,0.9136904761904762,0.3660714285714285,1.9998900012797625,336.0,21.781329833612862
248,3.632478632478633,0.6623931623931624,0.9643423212393162,234.0,15.169140419837529
249,3.472340425531915,1.1361702127659574,0.9952298274468084,235.0,15.23396580624709
250,0.0,1.03921568627451,1.3717729158823526,51.0,1.4791291764425512
251,3.949565217391304,1.7756521739130435,0.6510448512521739,575.0,29.736970560306943
252,3.5135135135135136,0.9395866454689984,0.5741782820985691,629.0,32.529659969448815
253,1.0030120481927711,0.0737951807228915,1.4137197061144575,664.0,34.33973643833706
254,6.034642032332563,1.002309468822171,1.401979137378753,866.0,10.01431718061674
255,4.2190082644628095,1.2272727272727273,0.6507561011983471,242.0,15.687743511114027
256,3.710300429184549,1.5665236051502145,0.9460597907939914,466.0,13.214479696099373
257,8.269439421338156,1.433996383363472,0.9487952036347196,553.0,28.59920820843433
258,7.131756756756757,0.7432432432432432,1.5420231921283782,296.0,19.188314377230377
259,1.9042821158690173,2.0503778337531484,0.5478860241561713,397.0,11.257829268994529
260,1.009118541033435,0.7993920972644377,0.7372971732401215,329.0,21.32755212874593
261,11.626666666666669,0.36,2.461544017333333,75.0,2.175189965356693
262,1.433641975308642,2.969135802469136,0.9070321108641974,648.0,33.51227290970243
263,4.372881355932203,0.059322033898305,0.8203992572881356,118.0,3.422298878827863
264,2.8962616822429905,1.797196261682243,0.6873877871915889,1070.0,22.998738974365818
265,3.016497461928934,4.01015228426396,0.99088200821066,788.0,9.112334801762113
266,2.772845953002611,0.9573542210617928,1.2116534317145344,1149.0,24.696776711725537
267,0.7415730337078652,3.1797752808988764,1.867126393932584,89.0,2.581225425556609
268,2.876662636033857,2.1076178960096734,1.0521941108447823,1654.0,65.54819500109289
269,1.1787072243346008,0.9847908745247148,1.3203196885741444,263.0,17.04907662571483
270,1.8119891008174387,3.647138964577657,0.5579764851362398,734.0,8.487885462555067
271,2.290846877673225,1.2882805816937553,1.2127674197775875,1169.0,25.12665968320901
272,13.123417721518988,3.2151898734177213,1.306135613164557,316.0,20.48482210542162
273,2.076475477971737,1.0174563591022443,0.6515748431587698,1203.0,25.857460734730914
274,3.4078817733990148,2.6206896551724137,1.3563617115566502,1015.0,21.816560802786267
275,3.741772151898734,1.4,0.8404675989367089,395.0,11.201114763861057
276,1.1868279569892473,0.7755376344086021,0.5280553703494624,744.0,8.603524229074889
277,2.0143198090692125,2.0047732696897373,0.6081838301431982,419.0,11.88168882546274
278,2.014084507042253,0.2816901408450704,0.4024393563380282,71.0,2.0591798338710023
279,0.0051194539249146,1.3813993174061434,2.2424763159215018,1172.0,25.191142128931528
280,2.280112044817927,1.3529411764705883,0.7697352358123248,714.0,36.925559965320275
281,3.158204562178072,1.3392200147167037,1.0975471822884475,1359.0,44.35564415312363
282,1.0253807106598984,0.0431472081218274,0.9443905428680204,394.0,11.17275751129432
283,1.017114914425428,0.2249388753056234,0.9579232194376528,409.0,11.598116299795372
284,0.0909090909090909,0.6536796536796536,1.2079808312597402,231.0,14.974664260608842
285,4.135458167330677,0.2669322709163346,1.5854569229482072,251.0,16.271171988800084
286,1.018348623853211,1.6788990825688073,0.6066920419266054,109.0,3.16127608298506
287,0.5714285714285714,1.0772200772200773,2.946015098938224,518.0,14.689056829569688
288,4.769771528998243,2.523725834797891,0.6576769219859403,569.0,29.426671737068958
289,2.057239057239057,0.6206509539842873,0.7754950811335577,1782.0,70.62084854410371
290,2.4285714285714284,1.2747252747252746,0.7162577081868131,91.0,2.6392304912994544
291,1.561046511627907,0.6424418604651163,0.6406267878633721,688.0,35.580931731289006
292,1.5008944543828264,3.268336314847943,1.16155022919678,559.0,28.909507031672316
293,3.197174447174447,2.551597051597052,0.9833157294348892,1628.0,64.51781225016882
294,1.004739336492891,0.0252764612954186,0.8676838463665087,633.0,32.736525851607475
295,7.08133971291866,0.8076555023923445,1.0229554980861244,1045.0,22.461385260011475
296,8.367986798679867,0.226072607260726,1.686530462128713,606.0,31.34018114703654
297,9.109625668449198,0.0320855614973262,2.106353512299465,374.0,10.605612459959582
298,0.393574297188755,0.4538152610441767,1.8231944022730928,249.0,16.141521215980962
299,0.0263157894736842,0.1578947368421052,0.3506859507894736,38.0,1.1020962491140578
300,0.4959349593495935,1.4390243902439024,1.6466107705691058,123.0,3.5673115431849762
301,3.3028846153846154,2.1923076923076925,0.8687535630288461,208.0,13.483680373188914
302,2.0420454545454545,1.2954545454545454,0.8008939899659091,880.0,10.176211453744493
303,0.0223880597014925,0.6567164179104478,3.117184708955224,134.0,3.8863394047706246
304,3.11660777385159,2.4240282685512367,0.8900328854946996,566.0,29.271522325449965
305,2.6944734098018768,1.3034410844629822,0.7258578676746611,959.0,11.089757709251101
306,0.9810874704491724,0.3238770685579196,1.967274334869976,423.0,11.995117835729689
307,1.9193548387096773,1.0080645161290325,0.2832394083064516,124.0,3.596314076056399
308,1.0634920634920637,0.1428571428571428,1.4451013073968255,63.0,1.827159570899622
309,0.9972222222222222,0.9666666666666668,0.5835347624444445,360.0,10.208610924025265
310,0.023489932885906,0.1208053691275167,3.429211467114094,298.0,19.3179651500495
311,1.7210567210567211,0.905982905982906,0.5909407701243202,1287.0,42.00567625097138
312,1.9180327868852456,1.7587822014051522,0.764222477470726,427.0,12.108546845996635
313,3.120922832140016,2.106603023070804,1.1931869062609388,1257.0,41.02652295840794
314,0.0708215297450425,1.8781869688385269,2.4269718737677053,353.0,10.01011015605811
315,1.6230366492146595,0.6073298429319371,1.118216905706806,191.0,12.381648804226359
316,2.806451612903226,0.4516129032258064,1.5460279501612904,186.0,12.057521872178548
317,3.411290322580645,0.5362903225806451,1.1356109989919356,248.0,16.0766958295714
318,3.9172185430463577,3.524834437086093,1.1645866559271525,604.0,31.23674820595721
319,1.0227272727272727,2.034090909090909,0.5274528957954545,88.0,2.552222892685186
320,9.034136546184738,0.3313253012048193,2.2166322144377517,498.0,14.121911778234953
321,1.0,0.0961538461538461,0.7031150942307693,52.0,1.508131709313974
322,0.0,1.7745098039215683,1.8644291950980396,102.0,2.9582583528851023
323,0.2216216216216216,0.3567567567567568,3.4639572901081084,185.0,11.992696485768986
324,0.0,0.5945945945945946,3.035308715585586,111.0,3.2192811487279056
325,2.0105321507760534,0.626940133037694,0.6164788135476719,1804.0,71.49271087180868
326,1.0058565153733527,2.827232796486091,0.6914620024743777,683.0,35.32234937859069
327,3.8459214501510575,2.960725075528701,1.129368514531722,331.0,21.45720290156505
328,0.0039215686274509,1.0901960784313725,1.451470294901961,255.0,16.530473534438332
329,5.854976303317535,3.7687203791469193,0.4544495667962085,1055.0,22.67632674575321
330,1.491150442477876,3.2831858407079646,1.879988091371681,226.0,14.650537328561033
331,1.0142857142857142,0.0,0.6522770944285714,70.0,2.03017730099958
332,2.086261980830671,0.1469648562300319,0.8501918029392972,313.0,20.290345946192932
333,7.732799045801855,0.4891223907184647,2.10370329658131,388.1190708299478,11.005990517492059
334,1.8036584411867713,1.21895022844458,0.7592775178461998,508.0317718543231,14.406385266399873
335,6.941647020220282,3.1802603963692206,1.0707137016145314,519.000229130214,14.717420579639775
336,3.64522957376928,1.40591221278354,1.359279762282997,313.0690864107807,20.294824499467442
337,11.771515728258771,0.543544847500045,2.2604143622135666,119.96866623213626,3.479395185938255
338,3.1989147480454805,1.7230015541708306,0.6868127106962045,1755.7778755030051,69.5816629758619
339,2.023624850032011,0.5977381149829313,0.7248098516087977,846.9875551647067,9.794459613688788
340,2.3142374346343453,0.752584709081773,1.0026929651591465,1685.128831700344,66.78183389495648
341,0.924528019973964,0.4940494162016323,0.4516024914240639,1024.0007246666685,22.010023716046867
342,1.9429503210218302,0.6741317787853943,0.7861095994852955,415.8625760470409,11.792720102019748
343,3.431012334882448,1.821675759170778,1.2685674318622195,534.9974514056814,27.66817993441738
344,3.821987493172785,4.206608270040927,0.8262805489694934,378.94015155109605,10.74570158521197
345,7.7134174007215925,1.8300275975798983,1.160083594743477,252.8750178590263,16.392720746036293
346,1.8798897980760825,1.0226743151362923,0.5989670090528054,1362.0146500657024,44.454037637715594
347,2.9813492974745297,2.2836578999914563,0.7716917379987592,1131.9987005601026,24.331348255610365
348,1.0196322053451092,1.5556939106200782,0.5286853222355655,2269.9751919383607,493.0960915030045
349,2.2552304610655036,2.51878170650816,0.7846082664726292,577.9403300256987,29.889034051457884
350,2.29630263934742,1.6031736915605146,0.5906425163668699,445.82567954952435,12.64239139572295
351,6.84739399782498,0.33235399872992294,1.0800447605490078,771.9497028306513,8.926731145068105
352,0.8159730160769572,0.16115462312200018,0.9376352923964067,682.9744951428876,35.32103035739921
353,1.700393119567473,0.9778242172428284,0.41668345463075523,916.8520725283447,10.60236427483218
354,2.2372344797705166,3.07596738071123,0.6999812179485174,1115.1583360361988,23.96937895849033
355,2.06603353403635,1.3316889836520347,0.6666663960080241,553.0315503554976,28.600839881464942
356,7.6735550605201945,3.0165697187986193,1.0230124600086665,881.9886912023303,10.199208433507124
357,2.3742501299294334,0.9191352380238721,1.0257115882965286,761.9865815670541,8.811518839707125
358,8.63860327381135,1.8356494028152814,0.8890972505195277,203.0174206466065,13.160682741288873
359,1.0998475981741538,0.49651901546940014,0.3298787016006845,1024.1148979680988,22.012477773951012
360,2.162153420562345,2.1892722558667566,1.2415354406250636,840.2364152102642,9.716390263995347
361,6.9923262560928645,0.17906603793731607,0.8681388061016844,771.7463073792675,8.924379105156728
362,2.3908091689124498,0.7599189548603497,1.1296821600353488,881.8048192549385,10.197082160987724
363,2.9907770502736404,1.7495503704636466,0.8084931338691509,1756.1080711081142,69.59474866262865
364,6.8098103584787175,0.10680572889715378,0.7759965506093667,127.98586136778812,3.711914151396607
365,5.167429500660358,0.26626112674847097,1.6219974430114503,503.22277334904754,14.270015281192714
366,2.373842625232325,1.3341383684674393,0.6413581753466538,446.1117716626094,12.650504182031053
367,12.390191045337383,1.878582796320112,1.9730879801619796,106.05992232019153,3.0760063834318796
368,12.383398851907609,1.634387219993797,1.7603805632116707,107.03825938265594,3.104380636245334
369,2.6457364008506414,3.0685135230771237,0.7348469011994444,131.95909483833776,3.8271479857320596
370,11.598113947991719,0.09526313116839427,1.601974361749213,607.0925811977352,31.3966855903614
371,9.511226017160924,0.801641543282885,0.7030059008896559,557.8972555993163,28.852476983361576
372,9.980951471764866,1.147503185538335,1.0328822349999585,1041.1013535294915,22.377587173536188
373,6.454541083896464,1.3812099892626648,1.357594238418273,858.9590897076835,9.932896962478718
374,3.3601758200358356,2.028455042004047,1.117051499291624,554.9353526857537,28.699297818590978
375,4.632228615873808,2.492978431962829,1.3208884067815816,766.0892212095268,8.85896125848021
376,9.196041861969453,0.8997878296366775,2.5243042505565567,139.94950583984135,4.058890143459344
377,4.638365873948524,0.7418890235007806,1.313510392736741,274.03471097484237,17.764406028576822
378,2.30684626318394,1.3241981078598528,1.055900737436552,1636.1290460648167,64.83996720580937
379,2.901361114149235,0.4658441589839397,3.1606306080828954,254.04156080194053,16.468342343074056
380,1.4419169357262687,3.772661344419638,0.7359168312734498,910.9309603054269,10.533893263443813
381,2.1207670395224785,0.7354702701701807,1.0734697504971495,772.1454853968653,8.928995150514412
382,15.82550767613402,1.4810965483449183,1.1330203629137057,644.8763981532809,33.350731246818945
383,1.0932343698429774,1.6527750082184183,0.5191874487430451,2269.963223741268,493.0934917075399
384,2.5109260205505244,5.450782698993412,1.0093241415173915,666.9863760886445,34.49418126934581
385,1.2007982900897038,0.22487382124143965,0.8030453474988493,421.937686245033,11.964993536274969
386,1.9600906616345612,1.085701522052125,0.4542253282798119,841.0738846265133,9.72607465702466
387,3.8574286651978937,0.0022705054664667046,0.8433044361963471,450.8317114059184,12.784348705431846
388,2.489035774307392,2.283841297061881,0.596162578757311,372.01845981294383,10.549421424404091
389,4.347446170024169,0.8362868990348171,1.072632173542343,118.02244930233782,3.4229499654568567
390,2.159235865280966,1.1828016631568852,0.4732162782965409,445.98212719598956,12.646827821147236
391,2.8514368675321373,2.8932622110495476,0.8769090361856697,554.9608820346202,28.700618106409525
392,9.136750774732807,0.7996273261293424,2.5182838017159694,141.1337662316356,4.093236694400681
393,2.485027799297875,1.3987090393048875,0.825412458812201,1015.9759254561221,21.83753748953747
394,2.9988732733387313,0.9814094122388963,0.9556560589503547,949.9776020691254,10.985423812473366
395,2.1285384294183376,0.557723645259939,0.7254087456839166,1781.9465762938853,70.61873135697789
396,1.645644053686244,1.246921823171211,1.0960970959542051,477.98219072618696,13.554261704824667
397,3.058898151647389,1.002459139377205,0.6119824231660728,1509.001212908969,49.251450203401156
398,1.4262545648438543,3.646389612560803,1.1479589013268774,559.1736271708644,28.91848641613921
399,4.269386638156055,0.7290981451771027,0.5867773925500759,337.86129604068304,21.901989068672727
400,1.0477867672015024,0.5604797268765278,2.4187855931700026,318.11428927634375,20.6218817247422
401,1.2467130925620906,1.2818159462893621,0.7759894204028438,640.9907320596093,33.149778310758606
402,2.162742767602285,2.0908935325267644,0.7859944346652337,891.9649014351733,10.314572098093965
403,1.800131690217301,2.8023906572929036,1.5734876209303763,702.2373495074421,36.31723719765354
404,6.174392124825965,0.12821092504852333,1.9892923193884333,56.0330069676187,1.625099126463011
405,4.493262231610682,0.45753024598561587,1.2726467857238999,273.953145660967,17.75911852558723
406,2.241236068891916,3.3134151453569123,1.3942924302450939,498.94008833635246,14.148570100623942
407,2.009914792505552,2.7572736494271943,0.40387896606146556,109.05894228747364,3.1629855586150315
408,4.39318449244029,3.405166681698814,0.8904066106712528,811.9193966715677,9.388935754461961
409,2.461225220388526,1.9227429224446175,0.32073920668272526,309.8889116198456,20.088668439795125
410,0.9273503165841224,2.3771578936294113,1.2534650331789836,555.9509396339565,28.751820391078173
411,22.206283107320928,1.5391341047392204,0.5845506739832045,197.01735254680497,12.771726008235554
412,1.3054047788235756,2.8785505027894365,0.6893730813295438,647.9856872541251,33.511532705002054
413,6.740271062542294,1.7899642490435643,0.8278616065169369,640.1068254862778,33.10406578249909
414,2.640121191482161,1.2030015063296626,0.9973153731777018,791.0095653318176,9.147137044035336
415,10.997964128303957,0.6645655460142853,2.1123828762795243,118.04027732948123,3.4234670234001157
416,6.262723094176111,2.8086358041862862,1.2763367601345479,91.82939367820748,2.6632850087150164
417,5.0556784722832555,0.25255539741576505,2.102189393557412,1281.8548729443767,41.837747314399024
418,2.2862560850085023,1.350656149281885,0.6071077561689022,445.96807468621955,12.64642933057849
419,2.2538993406771333,0.9549372499627804,0.6519655725164747,429.87961330002133,12.190204767639875
420,3.86412606506891,1.5665760279445506,1.260943917524498,305.80403624634783,19.82386481527323
421,3.58355346146646,2.447386575399923,1.5205557969229777,460.0653985131254,13.046190702853137
422,10.186602575028964,0.38802688114534173,1.608543736616776,75.09995042446802,2.1780887808278395
423,7.8532414410580795,0.2813845967634262,1.3661546582564974,61.98314644277526,1.7976682421807884
424,3.0544810067325745,1.839865443494809,1.2086190113908963,406.82030523489675,11.536306144822946
425,10.060268990293132,0.4437019935773645,1.468304209864966,202.95031446293353,13.156332557001804
426,0.9630405100988944,0.5047225873126253,0.5094389026987971,1024.0925611285038,22.01199766260208
427,4.1386685698041035,0.7410280988239533,0.39834460713413883,338.10460402097755,21.91776160251185
428,1.8596645440936939,1.0580235798775335,0.8072031095552634,692.1460640982863,35.79535153308359
429,4.010757937489039,1.8749006927936447,1.7261876061481631,372.18291490053844,10.554084918858896
430,15.371277135850816,1.8214782738313788,1.6748577678802816,86.91099523814796,2.520638996282437
431,2.4019029555238665,1.407928876203749,0.9493657970217978,726.0170429018702,8.395571531354227
432,2.620475722987903,3.7526383047233756,0.8208168680561491,1483.9110719767662,48.43254706657959
433,3.6554189127285577,1.5699300261089835,1.0163130190478427,465.9580842817506,13.213291081490459
434,5.589816850034079,0.14711302559923858,1.9419072942165336,115.0557914385486,3.3369093732440454
435,5.518312494063185,-0.05383380843599568,1.6274142505946096,114.87694191158614,3.3317222839592784
436,3.9145875885716612,-0.1001879173730745,3.400851501184531,234.88626569204365,15.226592935785796
437,3.2718099069569937,1.6788676504801943,1.2785559889511537,450.01299734418143,12.761132224003232
438,5.294440571336747,2.1214764509879314,2.044655820320383,389.0416255552435,11.032151634843906
439,11.460668807101497,0.37138813318952507,1.3919946163371801,207.9360220582915,13.479532978395973
440,7.029012149953764,1.8740599817736174,0.6305385842758264,329.89860405701666,21.38580448397123
441,3.763837916434602,0.005059454038606262,1.2694670885107784,930.003891511573,10.754450287303431
442,2.8584203659425502,0.4784278648980139,3.4911057678261406,530.0833249081122,27.41403865617766
443,1.4011775758791036,1.0648863871531757,0.6431465437296037,700.9816308029959,36.25229585826894
444,2.7205328143237613,0.6653919596087389,1.0165080179735781,1429.9809845174918,46.67235297644684
445,1.3536100288571182,1.232906548655887,0.5469561536404515,831.0113699190742,9.609712978139074
446,5.9608832972290395,2.1978960665148657,1.1763659601058198,189.88153493013846,12.309143873886986
447,1.094983951362443,1.2574794544989452,0.5747547466758623,835.8772084025973,9.665980934171005
448,3.4320781387690396,1.8113520063628699,1.2375717280004246,789.1515310112424,9.125650964337053
449,2.4141540741658774,0.7624143579769544,0.4899699937047369,429.83632281594623,12.18897716844922
450,1.8115549677894076,0.83965039936242,0.5753556062403392,1352.9859794265467,44.159355884922256
451,3.599653295281632,3.92306461039659,1.1453124354760296,536.9935212235242,27.77140962034696
452,11.820955149750644,1.0094592904750503,2.2104349460726653,249.0350867466607,16.143795727891096
453,4.2723999012175975,0.09194678833589254,0.7066414803280897,118.05349962906368,3.4238505035783917
454,1.2094445593288365,-0.028096656612286122,1.6103333409632232,302.84426238778025,19.631996331206665
455,6.964777358825516,0.7122456420672348,1.5335447698763103,296.04384623157637,19.19115672613492
456,1.2191259010214432,3.7262029895374797,0.4225809768877471,910.9954357293906,10.534638849293612
457,1.907308612589979,5.1300720804990565,0.8687856749050289,724.9575214329449,8.383319355777447
458,3.557802829943552,1.3607302014502796,1.064217390051688,863.932282003774,9.9904063447573
459,1.1618200204160263,0.02439103372145009,1.5696718551418856,301.9820086010272,19.576100396297292
460,3.33018111918513,1.736332612346068,1.175562682891446,586.0271280923181,30.307254705430417
461,2.6385214293553165,1.7522195609042237,0.4792795087968571,401.87446058498995,11.396055578929694
462,1.076860002459383,1.1390432748269728,1.3180857396769274,262.986371085242,17.0481931260493
463,7.8085477665488385,0.3688866330537037,2.3151397708360393,387.8763509013332,10.999107647173354
464,9.833489950098665,-0.016644573045275335,2.7930905797335575,258.0501455209541,16.72820039643958
465,1.3951512211678205,3.084680104058249,0.8037330766941124,647.9383702254819,33.5090856352842
466,2.8390755288159424,1.4630868878683008,0.9381056537273771,155.87410539819126,4.520743865614629
467,5.350602226494894,4.816600079730188,0.9641303774749584,830.8772625362179,9.608162176905605
468,7.42575691035307,0.514637402544309,1.3679230678461611,608.0941945705875,31.44848549885065
469,11.6752870554997,1.3047778997849147,2.176123369235774,232.1000546279045,15.04597572693438
470,1.338317896267627,0.37142362399643547,0.6964014556133961,502.8414805190691,14.25920286411113
471,2.0879341149067563,0.9167796548595402,0.26837056317526625,873.0482381442363,10.095822137130485
472,1.8469932200162131,0.6868975204980258,0.7829240974163594,494.9853460256278,14.036424474082361
473,2.2477900251663008,1.0896311793671711,0.43810907674324384,429.94133711535574,12.191955085460696
474,1.456859117171787,1.8719566759289603,0.9734589729050664,627.000189381207,32.426236822497096
475,2.76593878358186,1.0355743847876493,1.004585065457197,1509.1442889657926,49.25611998313868
476,2.137583584591986,0.6000666086829692,0.6209753787120155,1782.2271809123447,70.62985174769675
477,2.6921386627517023,0.3342157719986111,3.246465733082146,539.0642648155167,27.878501170317442
478,0.9288365847556411,1.6562275374601914,0.7316575845778246,456.8872054720875,12.95606588008258
479,0.9383416321206806,0.3740177320989447,0.5670070671297892,588.9306674971984,30.457415515523667
480,7.438678574659799,0.8157382945576819,1.7546959577489283,608.1962122926468,31.453761495368052
481,4.174293527249371,0.5000808799233204,1.6265450166182946,251.06175737215867,16.27517543431391
482,0.8513074854854722,1.9167581750484914,0.6845951968197166,456.94148860006993,12.95760520045289
483,6.0483638181602,1.5729453462141125,0.8123041624888008,415.9716862596157,11.795814167875342
484,5.532738133333273,1.15746646919084,0.6839522749333512,277.9991231743346,18.021400581295687
485,10.3502043422773,0.4603275046054929,3.2466977479144643,52.00231099530576,1.5081987340312948
486,3.082234036687572,1.3900443964742293,1.0342035186472127,1359.0650475134487,44.35776720268917
487,2.884069435501174,2.076833837112,1.052230734541708,1654.208335841613,65.55645137253894
488,3.3654811499497033,1.07751768295474,0.98461926628828,234.95304593379026,15.230921990761544
489,1.0277679341335475,0.29414633269784446,0.8994463999124721,409.1896932316425,11.603495478675258
490,1.066867748936093,2.3085174832752013,1.6684044218891327,570.8014736129377,29.519837594100434
491,2.395967009694717,1.178866068576121,0.7470512276652258,714.0275431683934,36.926984400777066
492,13.146318369695923,3.2606256475694995,1.187399365719163,316.0489407340432,20.487994707417137
493,4.14428112894238,0.29702949005313484,1.056485677596365,684.8916279853388,35.42017770156646
494,3.8022153174889164,-0.10522977514992748,0.986510664591943,450.9200351036347,12.786853322835615
495,2.8178975570173392,1.064460985806079,1.196710387608716,1149.0177099958585,24.697157373007766
496,1.4405102649480035,2.9171072885652727,0.9281639637165615,648.1133448596735,33.518134705798566
497,0.8311303400484552,-0.1364714875894621,2.6985122821707797,584.1124569356633,30.20823467096414
498,1.313528151424602,3.211816551367749,1.2940604347657805,559.07529797552,28.913401177204996
499,5.728801350566029,2.861055075502835,0.48382531061542006,216.0341031486882,14.004494214256907
500,3.325120384791117,1.7875413548510366,1.4215001456290308,449.9105543303468,12.758227221586226
501,0.9123183068568856,0.4237440969973855,2.041233906607264,422.9553876674508,11.993852752548
502,2.3304250285239325,0.8183721831110277,0.8406882813127289,636.9706575752931,32.94187424712321
503,0.7987990836964491,2.4192910229106794,1.3745572290885184,556.1266786021758,28.76090899025076
504,0.5958254343146736,1.1059973870714996,2.9562529336139494,518.017863287412,14.689563383322502
505,9.901481982108127,0.8629376449832327,1.7585905781970077,515.0360611171938,14.60500766607758
506,7.7227765135119695,0.8606021770992031,1.8429566462281912,247.9051852713059,16.070549428146485
507,4.046592256453869,1.092616185236683,0.6194653781906772,417.12619781488974,11.828552943639465
508,9.141123440021838,0.01490543033360376,2.2701660257227148,374.1552708057686,10.610015513415004
509,2.0293418639764456,1.1865666179532584,0.7400511331894197,692.0937003825927,35.79264346652358
510,3.4904315689715197,2.154870473764586,1.5304437873435672,459.99386641412275,13.04416224905509
511,7.61251038367518,1.7851158660886521,1.2760248623007544,869.2175711212094,10.051524776181386
512,5.642670462032915,4.513914528060656,1.096531462436062,283.1450208684566,18.35498538774122
513,0.7442464665370305,0.46949213797005684,0.5806537507424997,1023.9696013651078,22.009354747179
514,3.3404938759081433,0.7999746317609941,3.805037424573607,355.09413462858817,10.069494060629731
515,5.02309631916729,1.6278492980052888,0.972473320318195,246.93962105156214,16.007956354498347
516,1.7816320218217574,0.5694467647857592,0.4409392166202689,639.0418272014072,33.048987830074786
517,3.210432772605491,2.4907608829704397,0.9035155924061755,566.0189975902797,29.27250481376799
518,2.8962446709839322,2.0996100876338724,1.0491872456938958,1256.9584793549352,41.02516778919713
519,5.93074336215475,0.9077976982283775,1.3252164503422712,865.9278322089028,10.013482641182247
520,3.9035930384746327,0.9802753537713019,0.8950983977208041,894.0712291553425,10.338929412038652
521,3.9275450757766133,1.4626994613948567,1.3358758978663334,313.1252737623699,20.29846686624554
522,7.60407660194458,1.8245482615047455,1.3189771293702557,868.8977296475723,10.047826168832058
523,4.297783770861684,3.1686505420656594,0.828738393319359,811.8873260409617,9.388564893645482
524,3.747395044664233,1.5375041763619746,0.9773904142840906,395.00457292184797,11.201244439360867
525,3.0296245766978807,2.0914701304828958,2.5245102431122377,210.01114892773757,13.614053879556678
526,1.971304796400293,0.976959935726951,0.7431906051580969,663.8680526141209,34.332912585242454
527,1.5936416963042404,3.622200057264862,0.6686041592274294,911.1098269879809,10.535961655698019
528,3.150716493033689,2.42085710845718,0.9873526585122829,1628.028537882165,64.51894320945846
529,7.137206432343399,2.2196580329110995,1.506571425301592,724.8834638906338,8.382462963493014
530,4.089647091064792,1.312046575725155,0.8216093940953121,241.83255124418898,15.676888580814774
531,4.0064076383702645,1.5851824660531695,0.6193154919360523,575.0615421656696,29.740153303904744
532,3.748249841340325,0.755689089807362,0.9280683528829845,1259.04977277343,41.09342435041164
533,3.2074963570116366,1.4885466407207888,1.0274190786689592,1361.0212852384966,44.421615756339754
534,12.794751523499595,0.36576234785951556,1.1195586398004034,130.95585029259396,3.7980513528160498
535,4.042813204089641,4.599481073851187,0.9761275193645678,1188.0616567787029,25.536373766080352
536,3.9908740717009854,3.56897456489674,1.1353771337820933,604.0068557316574,31.237102760201495
537,2.8659749634097738,1.6869160851543548,0.6010481802532583,1070.0941937922862,23.00076358973198
538,7.919086480799831,0.9382675694062556,1.3733784291649744,660.911899872139,34.180030799051
539,3.4712807087413085,3.347949269293768,2.5335004562537553,281.0929051952724,18.22195619626994
540,3.900657552369667,1.2717581297969662,0.727106174671578,224.0628300009359,14.524959534830689
541,1.0365063746320178,0.03064193350276189,1.4093724331221669,663.9169817762669,34.335443028815114
542,4.178792754248139,1.6993526786692963,1.1918152305416247,98.1252980103409,2.8458821810630477
543,1.9234180453609293,0.9488386402105607,1.0220732614375663,795.9246271457419,9.203974212588426
544,0.9331334333504834,1.0713111717562875,2.2954595099353114,279.9562188714551,18.148270066102018
545,1.913284216732866,0.690498360519292,0.8078912360683932,847.041155118452,9.795079436942451
546,2.1472402594335653,1.5048575932832589,1.102557273880463,135.0398409182524,3.9164974251832896
547,2.697928776754658,0.7980588778496452,1.1453936322547458,727.9645284508896,8.418092014024603
548,1.4929482421371019,0.3334802655932294,0.7264527800179528,953.0187288375128,11.02059102730604
549,6.913104627428572,1.9629134307462928,0.9809965543273439,173.78366294834888,5.040166397175709
550,4.732344045593413,2.503799237824872,0.6216093802424856,569.2061894877858,29.43733512963962
551,2.027234744264474,1.2475218422838474,0.9302348518309633,879.8534932662549,10.174517267946781
552,2.280303592959588,1.6373239919725975,1.7537084566413057,449.85169524051645,12.756558139510057
553,4.376705663345289,3.2979968236693904,0.8823728995434574,812.073893612652,9.390722338031768
554,3.0644803036773807,0.014719287621243027,0.8126595075137548,1063.983809470212,22.869426081268013
555,0.7888331388954215,9.637167132361158,0.23897556100861125,1117.218086982947,24.01365155136553
556,7.820517315772456,0.779568540236432,1.494440345647869,176.1256989143236,5.108091372264945
557,1.8626765191638663,1.2944022286434549,0.6376379469092482,1361.9164065277905,44.45083112159494
558,2.8939265202675424,2.974863896826054,1.0208188492741237,840.9686545463238,9.724857789357268
559,9.81461578570807,0.03802610328716283,2.793604080925754,258.0440810190936,16.727807262763086
560,3.952666815457818,2.1303515991817723,1.1547566624197023,842.1213746877507,9.738187702886986
561,4.442837765641134,0.543523537204986,1.4097421963272438,117.96522788720769,3.4212903994835955
562,3.269300404359339,2.514137801083601,1.5598963725908268,1014.9003113626926,21.814418080404824
563,10.431666896519552,1.3289481939537997,1.1220962922225102,1818.1050317800623,72.05169477363224
564,11.661398417252272,1.372885401353451,2.1872577436486127,232.0334594424292,15.041658668302926
565,1.7312376281518447,0.860866592737583,0.3591027523415994,1115.1230872060046,23.968621314897074
566,3.4813315527792374,1.7588955110088187,1.1990221713841163,448.8493439001033,12.728134209389356
567,12.430766789153438,0.5068435520406215,2.2641583351966603,117.0496643544184,3.3947367380279987
568,12.536642053808455,0.621541853214036,3.108581430441763,257.1523310927762,16.669999229208866
569,1.0826399804177762,1.1751249269188488,0.8539489442499304,834.9596441179901,9.655370333963543
570,3.555371523087331,1.109739519254248,0.8592454991847058,235.0395232001666,15.236527912970034
571,3.5554241128723816,2.031811987301658,1.2756194435713974,449.8937245062158,12.757749974012688
572,7.098765539489386,2.046863579546655,1.238159690090467,724.9062231331555,8.382726148566226
573,2.1004247638638938,1.9564728415024142,0.7168263677099627,418.99937402524887,11.881671074538621
574,7.149794014287654,1.9446869926256982,0.9864317193481329,760.8978137737328,8.798928463242504
575,4.706737423577867,1.1230791467849173,1.2429694890367196,452.98155580799965,12.845312386120849
576,2.172183061653033,1.0127220871421023,0.6579798540281819,453.99205901148395,12.873967480681552
577,0.9274699004294115,0.4915836420000472,0.39543397394066704,1023.9093501240301,22.0080596980515
578,1.6215617409984668,1.4103105602911945,3.272559597237356,233.01214126727785,15.105102095770755
579,8.119008094267706,0.19463559425779536,1.9166369063720676,1332.0700541924648,43.47669264959019
580,2.5482827372823564,1.262452441068967,0.9184729696768612,1180.1060679992895,25.365375158860612
581,1.0090125482668564,0.8079479042518575,0.710549513791185,328.9400646957931,21.323666799491143
582,8.196406413660318,1.4562300695853598,0.9932243996715103,553.0309389908331,28.60080826384228
